"cluster_id","locale","member_count","canonical_candidate","source_path","text_hash","status","review_required"
"DUP-0001","sl","4","/sl/products/anode-gasket/","/sl/products/anode-gasket/","09cdbe1685659e10c8b32f25f4835e5cfbe7a87363f16f25c4294c7d47b85b80","candidate_only_not_redirected","engineering+sales+image+GSC"
"DUP-0001","sl","4","/sl/products/anode-gasket/","/sl/products/custom-gasket/","09cdbe1685659e10c8b32f25f4835e5cfbe7a87363f16f25c4294c7d47b85b80","candidate_only_not_redirected","engineering+sales+image+GSC"
"DUP-0001","sl","4","/sl/products/anode-gasket/","/sl/products/main-frame-gasket/","09cdbe1685659e10c8b32f25f4835e5cfbe7a87363f16f25c4294c7d47b85b80","candidate_only_not_redirected","engineering+sales+image+GSC"
"DUP-0001","sl","4","/sl/products/anode-gasket/","/sl/products/rubber-gasket/","09cdbe1685659e10c8b32f25f4835e5cfbe7a87363f16f25c4294c7d47b85b80","candidate_only_not_redirected","engineering+sales+image+GSC"
"DUP-0002","cs","4","/cs/products/anode-gasket/","/cs/products/anode-gasket/","0dd809f96d3d94e17393050a379b39816b7486caea887b1dd73b786875a73665","candidate_only_not_redirected","engineering+sales+image+GSC"
"DUP-0002","cs","4","/cs/products/anode-gasket/","/cs/products/custom-gasket/","0dd809f96d3d94e17393050a379b39816b7486caea887b1dd73b786875a73665","candidate_only_not_redirected","engineering+sales+image+GSC"
"DUP-0002","cs","4","/cs/products/anode-gasket/","/cs/products/main-frame-gasket/","0dd809f96d3d94e17393050a379b39816b7486caea887b1dd73b786875a73665","candidate_only_not_redirected","engineering+sales+image+GSC"
"DUP-0002","cs","4","/cs/products/anode-gasket/","/cs/products/rubber-gasket/","0dd809f96d3d94e17393050a379b39816b7486caea887b1dd73b786875a73665","candidate_only_not_redirected","engineering+sales+image+GSC"
"DUP-0003","sl","4","/sl/products/cathode-gasket/","/sl/products/anode-gasket-2/","168ef9c8234f78f3629080d4527c2a8310f24814a18afc8481bb82bad96f2df8","candidate_only_not_redirected","engineering+sales+image+GSC"
"DUP-0003","sl","4","/sl/products/cathode-gasket/","/sl/products/cathode-gasket/","168ef9c8234f78f3629080d4527c2a8310f24814a18afc8481bb82bad96f2df8","candidate_only_not_redirected","engineering+sales+image+GSC"
"DUP-0003","sl","4","/sl/products/cathode-gasket/","/sl/products/main-frame-gasket-2/","168ef9c8234f78f3629080d4527c2a8310f24814a18afc8481bb82bad96f2df8","candidate_only_not_redirected","engineering+sales+image+GSC"
"DUP-0003","sl","4","/sl/products/cathode-gasket/","/sl/products/rubber-gasket-2/","168ef9c8234f78f3629080d4527c2a8310f24814a18afc8481bb82bad96f2df8","candidate_only_not_redirected","engineering+sales+image+GSC"
"DUP-0004","sw","4","/sw/products/anode-gasket/","/sw/products/anode-gasket/","1ada825204048bf19fa1426f0041616bcbb4edda2bbfc66e9d94d1a78a328912","candidate_only_not_redirected","engineering+sales+image+GSC"
"DUP-0004","sw","4","/sw/products/anode-gasket/","/sw/products/custom-gasket/","1ada825204048bf19fa1426f0041616bcbb4edda2bbfc66e9d94d1a78a328912","candidate_only_not_redirected","engineering+sales+image+GSC"
"DUP-0004","sw","4","/sw/products/anode-gasket/","/sw/products/main-frame-gasket/","1ada825204048bf19fa1426f0041616bcbb4edda2bbfc66e9d94d1a78a328912","candidate_only_not_redirected","engineering+sales+image+GSC"
"DUP-0004","sw","4","/sw/products/anode-gasket/","/sw/products/rubber-gasket/","1ada825204048bf19fa1426f0041616bcbb4edda2bbfc66e9d94d1a78a328912","candidate_only_not_redirected","engineering+sales+image+GSC"
"DUP-0005","no","4","/no/products/anode-gasket/","/no/products/anode-gasket/","212888eb9a9e4249808771b88e30a5a15746755ecdd2adb886007aab6d7af087","candidate_only_not_redirected","engineering+sales+image+GSC"
"DUP-0005","no","4","/no/products/anode-gasket/","/no/products/custom-gasket/","212888eb9a9e4249808771b88e30a5a15746755ecdd2adb886007aab6d7af087","candidate_only_not_redirected","engineering+sales+image+GSC"
"DUP-0005","no","4","/no/products/anode-gasket/","/no/products/main-frame-gasket/","212888eb9a9e4249808771b88e30a5a15746755ecdd2adb886007aab6d7af087","candidate_only_not_redirected","engineering+sales+image+GSC"
"DUP-0005","no","4","/no/products/anode-gasket/","/no/products/rubber-gasket/","212888eb9a9e4249808771b88e30a5a15746755ecdd2adb886007aab6d7af087","candidate_only_not_redirected","engineering+sales+image+GSC"
"DUP-0006","sw","4","/sw/products/cathode-gasket/","/sw/products/anode-gasket-2/","36b9bb596bde1f894e70b49bc6173e8cb7292433bfa8be3b892cf9dc5ea00423","candidate_only_not_redirected","engineering+sales+image+GSC"
"DUP-0006","sw","4","/sw/products/cathode-gasket/","/sw/products/cathode-gasket/","36b9bb596bde1f894e70b49bc6173e8cb7292433bfa8be3b892cf9dc5ea00423","candidate_only_not_redirected","engineering+sales+image+GSC"
"DUP-0006","sw","4","/sw/products/cathode-gasket/","/sw/products/main-frame-gasket-2/","36b9bb596bde1f894e70b49bc6173e8cb7292433bfa8be3b892cf9dc5ea00423","candidate_only_not_redirected","engineering+sales+image+GSC"
"DUP-0006","sw","4","/sw/products/cathode-gasket/","/sw/products/rubber-gasket-2/","36b9bb596bde1f894e70b49bc6173e8cb7292433bfa8be3b892cf9dc5ea00423","candidate_only_not_redirected","engineering+sales+image+GSC"
"DUP-0007","fi","4","/fi/products/anode-gasket/","/fi/products/anode-gasket/","4ef0852650b87ab1726a00f6085af0f2a9498fb29cc1bfeb97f1aeb086ce1655","candidate_only_not_redirected","engineering+sales+image+GSC"
"DUP-0007","fi","4","/fi/products/anode-gasket/","/fi/products/custom-gasket/","4ef0852650b87ab1726a00f6085af0f2a9498fb29cc1bfeb97f1aeb086ce1655","candidate_only_not_redirected","engineering+sales+image+GSC"
"DUP-0007","fi","4","/fi/products/anode-gasket/","/fi/products/main-frame-gasket/","4ef0852650b87ab1726a00f6085af0f2a9498fb29cc1bfeb97f1aeb086ce1655","candidate_only_not_redirected","engineering+sales+image+GSC"
"DUP-0007","fi","4","/fi/products/anode-gasket/","/fi/products/rubber-gasket/","4ef0852650b87ab1726a00f6085af0f2a9498fb29cc1bfeb97f1aeb086ce1655","candidate_only_not_redirected","engineering+sales+image+GSC"
"DUP-0008","no","4","/no/products/cathode-gasket/","/no/products/anode-gasket-2/","51c28b1c36802b90afbe3d7235c9ea5cc60bac0640da9c422ac5ecda6b08c2f1","candidate_only_not_redirected","engineering+sales+image+GSC"
"DUP-0008","no","4","/no/products/cathode-gasket/","/no/products/cathode-gasket/","51c28b1c36802b90afbe3d7235c9ea5cc60bac0640da9c422ac5ecda6b08c2f1","candidate_only_not_redirected","engineering+sales+image+GSC"
"DUP-0008","no","4","/no/products/cathode-gasket/","/no/products/main-frame-gasket-2/","51c28b1c36802b90afbe3d7235c9ea5cc60bac0640da9c422ac5ecda6b08c2f1","candidate_only_not_redirected","engineering+sales+image+GSC"
"DUP-0008","no","4","/no/products/cathode-gasket/","/no/products/rubber-gasket-2/","51c28b1c36802b90afbe3d7235c9ea5cc60bac0640da9c422ac5ecda6b08c2f1","candidate_only_not_redirected","engineering+sales+image+GSC"
"DUP-0009","ro","4","/ro/products/cathode-gasket/","/ro/products/anode-gasket-2/","57f96d88d92cb9b774ba10213fb2ef507af0ba8c21df94752222bc1b38519b1e","candidate_only_not_redirected","engineering+sales+image+GSC"
"DUP-0009","ro","4","/ro/products/cathode-gasket/","/ro/products/cathode-gasket/","57f96d88d92cb9b774ba10213fb2ef507af0ba8c21df94752222bc1b38519b1e","candidate_only_not_redirected","engineering+sales+image+GSC"
"DUP-0009","ro","4","/ro/products/cathode-gasket/","/ro/products/main-frame-gasket-2/","57f96d88d92cb9b774ba10213fb2ef507af0ba8c21df94752222bc1b38519b1e","candidate_only_not_redirected","engineering+sales+image+GSC"
"DUP-0009","ro","4","/ro/products/cathode-gasket/","/ro/products/rubber-gasket-2/","57f96d88d92cb9b774ba10213fb2ef507af0ba8c21df94752222bc1b38519b1e","candidate_only_not_redirected","engineering+sales+image+GSC"
"DUP-0010","da","4","/da/products/cathode-gasket/","/da/products/anode-gasket-2/","59e474ce60ae3e44cd0b0008f2299f0f9c72d07c0419f042856a231d1ad1ab8e","candidate_only_not_redirected","engineering+sales+image+GSC"
"DUP-0010","da","4","/da/products/cathode-gasket/","/da/products/cathode-gasket/","59e474ce60ae3e44cd0b0008f2299f0f9c72d07c0419f042856a231d1ad1ab8e","candidate_only_not_redirected","engineering+sales+image+GSC"
"DUP-0010","da","4","/da/products/cathode-gasket/","/da/products/main-frame-gasket-2/","59e474ce60ae3e44cd0b0008f2299f0f9c72d07c0419f042856a231d1ad1ab8e","candidate_only_not_redirected","engineering+sales+image+GSC"
"DUP-0010","da","4","/da/products/cathode-gasket/","/da/products/rubber-gasket-2/","59e474ce60ae3e44cd0b0008f2299f0f9c72d07c0419f042856a231d1ad1ab8e","candidate_only_not_redirected","engineering+sales+image+GSC"
"DUP-0011","hr","4","/hr/products/cathode-gasket/","/hr/products/anode-gasket-2/","5df7e394771b37414470e370361f1081c43087a0c42c90bc38c20359d05713bc","candidate_only_not_redirected","engineering+sales+image+GSC"
"DUP-0011","hr","4","/hr/products/cathode-gasket/","/hr/products/cathode-gasket/","5df7e394771b37414470e370361f1081c43087a0c42c90bc38c20359d05713bc","candidate_only_not_redirected","engineering+sales+image+GSC"
"DUP-0011","hr","4","/hr/products/cathode-gasket/","/hr/products/main-frame-gasket-2/","5df7e394771b37414470e370361f1081c43087a0c42c90bc38c20359d05713bc","candidate_only_not_redirected","engineering+sales+image+GSC"
"DUP-0011","hr","4","/hr/products/cathode-gasket/","/hr/products/rubber-gasket-2/","5df7e394771b37414470e370361f1081c43087a0c42c90bc38c20359d05713bc","candidate_only_not_redirected","engineering+sales+image+GSC"
"DUP-0012","hr","4","/hr/products/anode-gasket/","/hr/products/anode-gasket/","60f58e2bdeca9e96f221f83bd415c0c38eaed480e8d4aa8eceaaf9eaeb9f5333","candidate_only_not_redirected","engineering+sales+image+GSC"
"DUP-0012","hr","4","/hr/products/anode-gasket/","/hr/products/custom-gasket/","60f58e2bdeca9e96f221f83bd415c0c38eaed480e8d4aa8eceaaf9eaeb9f5333","candidate_only_not_redirected","engineering+sales+image+GSC"
"DUP-0012","hr","4","/hr/products/anode-gasket/","/hr/products/main-frame-gasket/","60f58e2bdeca9e96f221f83bd415c0c38eaed480e8d4aa8eceaaf9eaeb9f5333","candidate_only_not_redirected","engineering+sales+image+GSC"
"DUP-0012","hr","4","/hr/products/anode-gasket/","/hr/products/rubber-gasket/","60f58e2bdeca9e96f221f83bd415c0c38eaed480e8d4aa8eceaaf9eaeb9f5333","candidate_only_not_redirected","engineering+sales+image+GSC"
"DUP-0013","fi","4","/fi/products/cathode-gasket/","/fi/products/anode-gasket-2/","64dcc77ddc9d476638b91eb2d809f55b624dc866278e42a26bf0ece931381c84","candidate_only_not_redirected","engineering+sales+image+GSC"
"DUP-0013","fi","4","/fi/products/cathode-gasket/","/fi/products/cathode-gasket/","64dcc77ddc9d476638b91eb2d809f55b624dc866278e42a26bf0ece931381c84","candidate_only_not_redirected","engineering+sales+image+GSC"
"DUP-0013","fi","4","/fi/products/cathode-gasket/","/fi/products/main-frame-gasket-2/","64dcc77ddc9d476638b91eb2d809f55b624dc866278e42a26bf0ece931381c84","candidate_only_not_redirected","engineering+sales+image+GSC"
"DUP-0013","fi","4","/fi/products/cathode-gasket/","/fi/products/rubber-gasket-2/","64dcc77ddc9d476638b91eb2d809f55b624dc866278e42a26bf0ece931381c84","candidate_only_not_redirected","engineering+sales+image+GSC"
"DUP-0014","bg","4","/bg/products/cathode-gasket/","/bg/products/anode-gasket-2/","676b4041e0c791a2703d723ae53dda2e3a2025e0dcb516ae87da4b8c7b776557","candidate_only_not_redirected","engineering+sales+image+GSC"
"DUP-0014","bg","4","/bg/products/cathode-gasket/","/bg/products/cathode-gasket/","676b4041e0c791a2703d723ae53dda2e3a2025e0dcb516ae87da4b8c7b776557","candidate_only_not_redirected","engineering+sales+image+GSC"
"DUP-0014","bg","4","/bg/products/cathode-gasket/","/bg/products/main-frame-gasket-2/","676b4041e0c791a2703d723ae53dda2e3a2025e0dcb516ae87da4b8c7b776557","candidate_only_not_redirected","engineering+sales+image+GSC"
"DUP-0014","bg","4","/bg/products/cathode-gasket/","/bg/products/rubber-gasket-2/","676b4041e0c791a2703d723ae53dda2e3a2025e0dcb516ae87da4b8c7b776557","candidate_only_not_redirected","engineering+sales+image+GSC"
"DUP-0015","he","4","/he/products/cathode-gasket/","/he/products/anode-gasket-2/","6d1bea42f4ee16cc4c1a0aa0ae5f40f411e23292aed4ff604d8978c4bdaac45f","candidate_only_not_redirected","engineering+sales+image+GSC"
"DUP-0015","he","4","/he/products/cathode-gasket/","/he/products/cathode-gasket/","6d1bea42f4ee16cc4c1a0aa0ae5f40f411e23292aed4ff604d8978c4bdaac45f","candidate_only_not_redirected","engineering+sales+image+GSC"
"DUP-0015","he","4","/he/products/cathode-gasket/","/he/products/main-frame-gasket-2/","6d1bea42f4ee16cc4c1a0aa0ae5f40f411e23292aed4ff604d8978c4bdaac45f","candidate_only_not_redirected","engineering+sales+image+GSC"
"DUP-0015","he","4","/he/products/cathode-gasket/","/he/products/rubber-gasket-2/","6d1bea42f4ee16cc4c1a0aa0ae5f40f411e23292aed4ff604d8978c4bdaac45f","candidate_only_not_redirected","engineering+sales+image+GSC"
"DUP-0016","bg","4","/bg/products/anode-gasket/","/bg/products/anode-gasket/","8a9536d370126a9dba67d55c06b3ff189b209909702176f03a5dc78681373c87","candidate_only_not_redirected","engineering+sales+image+GSC"
"DUP-0016","bg","4","/bg/products/anode-gasket/","/bg/products/custom-gasket/","8a9536d370126a9dba67d55c06b3ff189b209909702176f03a5dc78681373c87","candidate_only_not_redirected","engineering+sales+image+GSC"
"DUP-0016","bg","4","/bg/products/anode-gasket/","/bg/products/main-frame-gasket/","8a9536d370126a9dba67d55c06b3ff189b209909702176f03a5dc78681373c87","candidate_only_not_redirected","engineering+sales+image+GSC"
"DUP-0016","bg","4","/bg/products/anode-gasket/","/bg/products/rubber-gasket/","8a9536d370126a9dba67d55c06b3ff189b209909702176f03a5dc78681373c87","candidate_only_not_redirected","engineering+sales+image+GSC"
"DUP-0017","he","4","/he/products/anode-gasket/","/he/products/anode-gasket/","94343e89e56bdd582c60a3527eb9683a9eae3e021f98b89ea0075358a860baf6","candidate_only_not_redirected","engineering+sales+image+GSC"
"DUP-0017","he","4","/he/products/anode-gasket/","/he/products/custom-gasket/","94343e89e56bdd582c60a3527eb9683a9eae3e021f98b89ea0075358a860baf6","candidate_only_not_redirected","engineering+sales+image+GSC"
"DUP-0017","he","4","/he/products/anode-gasket/","/he/products/main-frame-gasket/","94343e89e56bdd582c60a3527eb9683a9eae3e021f98b89ea0075358a860baf6","candidate_only_not_redirected","engineering+sales+image+GSC"
"DUP-0017","he","4","/he/products/anode-gasket/","/he/products/rubber-gasket/","94343e89e56bdd582c60a3527eb9683a9eae3e021f98b89ea0075358a860baf6","candidate_only_not_redirected","engineering+sales+image+GSC"
"DUP-0018","hu","4","/hu/products/anode-gasket/","/hu/products/anode-gasket/","9d653eb8c9e98d2a98b865b0371b46a1f81565b9007a8597117bfd584e45595b","candidate_only_not_redirected","engineering+sales+image+GSC"
"DUP-0018","hu","4","/hu/products/anode-gasket/","/hu/products/custom-gasket/","9d653eb8c9e98d2a98b865b0371b46a1f81565b9007a8597117bfd584e45595b","candidate_only_not_redirected","engineering+sales+image+GSC"
"DUP-0018","hu","4","/hu/products/anode-gasket/","/hu/products/main-frame-gasket/","9d653eb8c9e98d2a98b865b0371b46a1f81565b9007a8597117bfd584e45595b","candidate_only_not_redirected","engineering+sales+image+GSC"
"DUP-0018","hu","4","/hu/products/anode-gasket/","/hu/products/rubber-gasket/","9d653eb8c9e98d2a98b865b0371b46a1f81565b9007a8597117bfd584e45595b","candidate_only_not_redirected","engineering+sales+image+GSC"
"DUP-0019","uk","4","/uk/products/anode-gasket/","/uk/products/anode-gasket/","af8ccadacb4025006528bdba426369a789418366fbd1d87fe5ead7184095ca32","candidate_only_not_redirected","engineering+sales+image+GSC"
"DUP-0019","uk","4","/uk/products/anode-gasket/","/uk/products/custom-gasket/","af8ccadacb4025006528bdba426369a789418366fbd1d87fe5ead7184095ca32","candidate_only_not_redirected","engineering+sales+image+GSC"
"DUP-0019","uk","4","/uk/products/anode-gasket/","/uk/products/main-frame-gasket/","af8ccadacb4025006528bdba426369a789418366fbd1d87fe5ead7184095ca32","candidate_only_not_redirected","engineering+sales+image+GSC"
"DUP-0019","uk","4","/uk/products/anode-gasket/","/uk/products/rubber-gasket/","af8ccadacb4025006528bdba426369a789418366fbd1d87fe5ead7184095ca32","candidate_only_not_redirected","engineering+sales+image+GSC"
"DUP-0020","sk","4","/sk/products/anode-gasket/","/sk/products/anode-gasket/","c42cc5be6fe8ab75ab1d979187294420daab8dd2486c8737df8495d787c8c2af","candidate_only_not_redirected","engineering+sales+image+GSC"
"DUP-0020","sk","4","/sk/products/anode-gasket/","/sk/products/custom-gasket/","c42cc5be6fe8ab75ab1d979187294420daab8dd2486c8737df8495d787c8c2af","candidate_only_not_redirected","engineering+sales+image+GSC"
"DUP-0020","sk","4","/sk/products/anode-gasket/","/sk/products/main-frame-gasket/","c42cc5be6fe8ab75ab1d979187294420daab8dd2486c8737df8495d787c8c2af","candidate_only_not_redirected","engineering+sales+image+GSC"
"DUP-0020","sk","4","/sk/products/anode-gasket/","/sk/products/rubber-gasket/","c42cc5be6fe8ab75ab1d979187294420daab8dd2486c8737df8495d787c8c2af","candidate_only_not_redirected","engineering+sales+image+GSC"
"DUP-0021","cs","4","/cs/products/cathode-gasket/","/cs/products/anode-gasket-2/","cf0df3b72412b38b0905a2c34b88d638af14bec1061e5a341adb1f799a629c13","candidate_only_not_redirected","engineering+sales+image+GSC"
"DUP-0021","cs","4","/cs/products/cathode-gasket/","/cs/products/cathode-gasket/","cf0df3b72412b38b0905a2c34b88d638af14bec1061e5a341adb1f799a629c13","candidate_only_not_redirected","engineering+sales+image+GSC"
"DUP-0021","cs","4","/cs/products/cathode-gasket/","/cs/products/main-frame-gasket-2/","cf0df3b72412b38b0905a2c34b88d638af14bec1061e5a341adb1f799a629c13","candidate_only_not_redirected","engineering+sales+image+GSC"
"DUP-0021","cs","4","/cs/products/cathode-gasket/","/cs/products/rubber-gasket-2/","cf0df3b72412b38b0905a2c34b88d638af14bec1061e5a341adb1f799a629c13","candidate_only_not_redirected","engineering+sales+image+GSC"
"DUP-0022","sk","4","/sk/products/cathode-gasket/","/sk/products/anode-gasket-2/","da1e91af1311919edbdb3f991bdc67f888c1c70476798ff3efc8f6198fe75938","candidate_only_not_redirected","engineering+sales+image+GSC"
"DUP-0022","sk","4","/sk/products/cathode-gasket/","/sk/products/cathode-gasket/","da1e91af1311919edbdb3f991bdc67f888c1c70476798ff3efc8f6198fe75938","candidate_only_not_redirected","engineering+sales+image+GSC"
"DUP-0022","sk","4","/sk/products/cathode-gasket/","/sk/products/main-frame-gasket-2/","da1e91af1311919edbdb3f991bdc67f888c1c70476798ff3efc8f6198fe75938","candidate_only_not_redirected","engineering+sales+image+GSC"
"DUP-0022","sk","4","/sk/products/cathode-gasket/","/sk/products/rubber-gasket-2/","da1e91af1311919edbdb3f991bdc67f888c1c70476798ff3efc8f6198fe75938","candidate_only_not_redirected","engineering+sales+image+GSC"
"DUP-0023","sv","4","/sv/products/anode-gasket/","/sv/products/anode-gasket/","db2eb2a1d3557e210c5a443d8891c00acbe0e53d60aa207c4539c214c2b28128","candidate_only_not_redirected","engineering+sales+image+GSC"
"DUP-0023","sv","4","/sv/products/anode-gasket/","/sv/products/custom-gasket/","db2eb2a1d3557e210c5a443d8891c00acbe0e53d60aa207c4539c214c2b28128","candidate_only_not_redirected","engineering+sales+image+GSC"
"DUP-0023","sv","4","/sv/products/anode-gasket/","/sv/products/main-frame-gasket/","db2eb2a1d3557e210c5a443d8891c00acbe0e53d60aa207c4539c214c2b28128","candidate_only_not_redirected","engineering+sales+image+GSC"
"DUP-0023","sv","4","/sv/products/anode-gasket/","/sv/products/rubber-gasket/","db2eb2a1d3557e210c5a443d8891c00acbe0e53d60aa207c4539c214c2b28128","candidate_only_not_redirected","engineering+sales+image+GSC"
"DUP-0024","da","4","/da/products/anode-gasket/","/da/products/anode-gasket/","dc5fe0a6214527b4ffe355fb39450ab6081e58f7c69bce7f626c1002a870c52b","candidate_only_not_redirected","engineering+sales+image+GSC"
"DUP-0024","da","4","/da/products/anode-gasket/","/da/products/custom-gasket/","dc5fe0a6214527b4ffe355fb39450ab6081e58f7c69bce7f626c1002a870c52b","candidate_only_not_redirected","engineering+sales+image+GSC"
"DUP-0024","da","4","/da/products/anode-gasket/","/da/products/main-frame-gasket/","dc5fe0a6214527b4ffe355fb39450ab6081e58f7c69bce7f626c1002a870c52b","candidate_only_not_redirected","engineering+sales+image+GSC"
"DUP-0024","da","4","/da/products/anode-gasket/","/da/products/rubber-gasket/","dc5fe0a6214527b4ffe355fb39450ab6081e58f7c69bce7f626c1002a870c52b","candidate_only_not_redirected","engineering+sales+image+GSC"
"DUP-0025","hu","4","/hu/products/cathode-gasket/","/hu/products/anode-gasket-2/","e108d7bd3cb5e228585af9368b39e01c9aed6910edc9362fb127b8b3e271c67d","candidate_only_not_redirected","engineering+sales+image+GSC"
"DUP-0025","hu","4","/hu/products/cathode-gasket/","/hu/products/cathode-gasket/","e108d7bd3cb5e228585af9368b39e01c9aed6910edc9362fb127b8b3e271c67d","candidate_only_not_redirected","engineering+sales+image+GSC"
"DUP-0025","hu","4","/hu/products/cathode-gasket/","/hu/products/main-frame-gasket-2/","e108d7bd3cb5e228585af9368b39e01c9aed6910edc9362fb127b8b3e271c67d","candidate_only_not_redirected","engineering+sales+image+GSC"
"DUP-0025","hu","4","/hu/products/cathode-gasket/","/hu/products/rubber-gasket-2/","e108d7bd3cb5e228585af9368b39e01c9aed6910edc9362fb127b8b3e271c67d","candidate_only_not_redirected","engineering+sales+image+GSC"
"DUP-0026","ro","4","/ro/products/anode-gasket/","/ro/products/anode-gasket/","e5cac167d393d4e95c7c1b7b0c54da4f270f9a7f744ffe4d917edba73aa94559","candidate_only_not_redirected","engineering+sales+image+GSC"
"DUP-0026","ro","4","/ro/products/anode-gasket/","/ro/products/custom-gasket/","e5cac167d393d4e95c7c1b7b0c54da4f270f9a7f744ffe4d917edba73aa94559","candidate_only_not_redirected","engineering+sales+image+GSC"
"DUP-0026","ro","4","/ro/products/anode-gasket/","/ro/products/main-frame-gasket/","e5cac167d393d4e95c7c1b7b0c54da4f270f9a7f744ffe4d917edba73aa94559","candidate_only_not_redirected","engineering+sales+image+GSC"
"DUP-0026","ro","4","/ro/products/anode-gasket/","/ro/products/rubber-gasket/","e5cac167d393d4e95c7c1b7b0c54da4f270f9a7f744ffe4d917edba73aa94559","candidate_only_not_redirected","engineering+sales+image+GSC"
"DUP-0027","sv","4","/sv/products/cathode-gasket/","/sv/products/anode-gasket-2/","eb6257fa0e753b7df925d1639464345cc5ca2e25bd463984278c4985dd50f119","candidate_only_not_redirected","engineering+sales+image+GSC"
"DUP-0027","sv","4","/sv/products/cathode-gasket/","/sv/products/cathode-gasket/","eb6257fa0e753b7df925d1639464345cc5ca2e25bd463984278c4985dd50f119","candidate_only_not_redirected","engineering+sales+image+GSC"
"DUP-0027","sv","4","/sv/products/cathode-gasket/","/sv/products/main-frame-gasket-2/","eb6257fa0e753b7df925d1639464345cc5ca2e25bd463984278c4985dd50f119","candidate_only_not_redirected","engineering+sales+image+GSC"
"DUP-0027","sv","4","/sv/products/cathode-gasket/","/sv/products/rubber-gasket-2/","eb6257fa0e753b7df925d1639464345cc5ca2e25bd463984278c4985dd50f119","candidate_only_not_redirected","engineering+sales+image+GSC"
"DUP-0028","uk","4","/uk/products/cathode-gasket/","/uk/products/anode-gasket-2/","fbb61391fa57814bdc9cc969ad0c95eb0416912dec98b51496b1c7e0ff076ba6","candidate_only_not_redirected","engineering+sales+image+GSC"
"DUP-0028","uk","4","/uk/products/cathode-gasket/","/uk/products/cathode-gasket/","fbb61391fa57814bdc9cc969ad0c95eb0416912dec98b51496b1c7e0ff076ba6","candidate_only_not_redirected","engineering+sales+image+GSC"
"DUP-0028","uk","4","/uk/products/cathode-gasket/","/uk/products/main-frame-gasket-2/","fbb61391fa57814bdc9cc969ad0c95eb0416912dec98b51496b1c7e0ff076ba6","candidate_only_not_redirected","engineering+sales+image+GSC"
"DUP-0028","uk","4","/uk/products/cathode-gasket/","/uk/products/rubber-gasket-2/","fbb61391fa57814bdc9cc969ad0c95eb0416912dec98b51496b1c7e0ff076ba6","candidate_only_not_redirected","engineering+sales+image+GSC"
"DUP-0029","sk","3","/sk/products/anode-gasket-3/","/sk/products/anode-gasket-3/","14974c2ca3fd42a5619dd707916f76149c5010cf65507e060a36fd3638627c41","candidate_only_not_redirected","engineering+sales+image+GSC"
"DUP-0029","sk","3","/sk/products/anode-gasket-3/","/sk/products/cathode-gasket-3/","14974c2ca3fd42a5619dd707916f76149c5010cf65507e060a36fd3638627c41","candidate_only_not_redirected","engineering+sales+image+GSC"
"DUP-0029","sk","3","/sk/products/anode-gasket-3/","/sk/products/rubber-gasket-3/","14974c2ca3fd42a5619dd707916f76149c5010cf65507e060a36fd3638627c41","candidate_only_not_redirected","engineering+sales+image+GSC"
"DUP-0030","sw","3","/sw/products/anode-gasket-4/","/sw/products/anode-gasket-4/","223f1fce1419779a60ea98cdce287e20e32288a12a1b0a78aa2e793189b77d79","candidate_only_not_redirected","engineering+sales+image+GSC"
"DUP-0030","sw","3","/sw/products/anode-gasket-4/","/sw/products/cathode-gasket-4/","223f1fce1419779a60ea98cdce287e20e32288a12a1b0a78aa2e793189b77d79","candidate_only_not_redirected","engineering+sales+image+GSC"
"DUP-0030","sw","3","/sw/products/anode-gasket-4/","/sw/products/rubber-gasket-4/","223f1fce1419779a60ea98cdce287e20e32288a12a1b0a78aa2e793189b77d79","candidate_only_not_redirected","engineering+sales+image+GSC"
"DUP-0031","da","3","/da/products/anode-gasket-3/","/da/products/anode-gasket-3/","246e8518c35bb7b8333feabe954dd577c1abf19b98bdafe7b07953a314eef2de","candidate_only_not_redirected","engineering+sales+image+GSC"
"DUP-0031","da","3","/da/products/anode-gasket-3/","/da/products/cathode-gasket-3/","246e8518c35bb7b8333feabe954dd577c1abf19b98bdafe7b07953a314eef2de","candidate_only_not_redirected","engineering+sales+image+GSC"
"DUP-0031","da","3","/da/products/anode-gasket-3/","/da/products/rubber-gasket-3/","246e8518c35bb7b8333feabe954dd577c1abf19b98bdafe7b07953a314eef2de","candidate_only_not_redirected","engineering+sales+image+GSC"
"DUP-0032","fi","3","/fi/products/anode-gasket-4/","/fi/products/anode-gasket-4/","2f24e3d06e75b4f76e0aac93cc3e46615d1277bab825a97b46080c7abebab188","candidate_only_not_redirected","engineering+sales+image+GSC"
"DUP-0032","fi","3","/fi/products/anode-gasket-4/","/fi/products/cathode-gasket-4/","2f24e3d06e75b4f76e0aac93cc3e46615d1277bab825a97b46080c7abebab188","candidate_only_not_redirected","engineering+sales+image+GSC"
"DUP-0032","fi","3","/fi/products/anode-gasket-4/","/fi/products/rubber-gasket-4/","2f24e3d06e75b4f76e0aac93cc3e46615d1277bab825a97b46080c7abebab188","candidate_only_not_redirected","engineering+sales+image+GSC"
"DUP-0033","sv","3","/sv/products/anode-gasket-4/","/sv/products/anode-gasket-4/","3043e78e004f6f0da31d1a0eba53f70526a01e2b2a402b4080400dfb8915d2b6","candidate_only_not_redirected","engineering+sales+image+GSC"
"DUP-0033","sv","3","/sv/products/anode-gasket-4/","/sv/products/cathode-gasket-4/","3043e78e004f6f0da31d1a0eba53f70526a01e2b2a402b4080400dfb8915d2b6","candidate_only_not_redirected","engineering+sales+image+GSC"
"DUP-0033","sv","3","/sv/products/anode-gasket-4/","/sv/products/rubber-gasket-4/","3043e78e004f6f0da31d1a0eba53f70526a01e2b2a402b4080400dfb8915d2b6","candidate_only_not_redirected","engineering+sales+image+GSC"
"DUP-0034","hr","3","/hr/products/anode-gasket-4/","/hr/products/anode-gasket-4/","437fadf74f0302295d540f451e2690ea91ce9b38db71e50c5938903455eeda1e","candidate_only_not_redirected","engineering+sales+image+GSC"
"DUP-0034","hr","3","/hr/products/anode-gasket-4/","/hr/products/cathode-gasket-4/","437fadf74f0302295d540f451e2690ea91ce9b38db71e50c5938903455eeda1e","candidate_only_not_redirected","engineering+sales+image+GSC"
"DUP-0034","hr","3","/hr/products/anode-gasket-4/","/hr/products/rubber-gasket-4/","437fadf74f0302295d540f451e2690ea91ce9b38db71e50c5938903455eeda1e","candidate_only_not_redirected","engineering+sales+image+GSC"
"DUP-0035","uk","3","/uk/products/anode-gasket-4/","/uk/products/anode-gasket-4/","473e7f9ec4861cf6a79a171bb283bf1bf1cc9e1c122858a806b89005ea82169f","candidate_only_not_redirected","engineering+sales+image+GSC"
"DUP-0035","uk","3","/uk/products/anode-gasket-4/","/uk/products/cathode-gasket-4/","473e7f9ec4861cf6a79a171bb283bf1bf1cc9e1c122858a806b89005ea82169f","candidate_only_not_redirected","engineering+sales+image+GSC"
"DUP-0035","uk","3","/uk/products/anode-gasket-4/","/uk/products/rubber-gasket-4/","473e7f9ec4861cf6a79a171bb283bf1bf1cc9e1c122858a806b89005ea82169f","candidate_only_not_redirected","engineering+sales+image+GSC"
"DUP-0036","bg","3","/bg/products/anode-gasket-3/","/bg/products/anode-gasket-3/","49b7475c0b58277548cd6628cc9a39029bd280bb48746b7f1f3020561d13abbc","candidate_only_not_redirected","engineering+sales+image+GSC"
"DUP-0036","bg","3","/bg/products/anode-gasket-3/","/bg/products/cathode-gasket-3/","49b7475c0b58277548cd6628cc9a39029bd280bb48746b7f1f3020561d13abbc","candidate_only_not_redirected","engineering+sales+image+GSC"
"DUP-0036","bg","3","/bg/products/anode-gasket-3/","/bg/products/rubber-gasket-3/","49b7475c0b58277548cd6628cc9a39029bd280bb48746b7f1f3020561d13abbc","candidate_only_not_redirected","engineering+sales+image+GSC"
"DUP-0037","sl","3","/sl/products/anode-gasket-4/","/sl/products/anode-gasket-4/","4da573c32331566d4f854955008d8a96ffc10333a10dc43fcdb2ea76ba3bf110","candidate_only_not_redirected","engineering+sales+image+GSC"
"DUP-0037","sl","3","/sl/products/anode-gasket-4/","/sl/products/cathode-gasket-4/","4da573c32331566d4f854955008d8a96ffc10333a10dc43fcdb2ea76ba3bf110","candidate_only_not_redirected","engineering+sales+image+GSC"
"DUP-0037","sl","3","/sl/products/anode-gasket-4/","/sl/products/rubber-gasket-4/","4da573c32331566d4f854955008d8a96ffc10333a10dc43fcdb2ea76ba3bf110","candidate_only_not_redirected","engineering+sales+image+GSC"
"DUP-0038","ro","3","/ro/products/anode-gasket-4/","/ro/products/anode-gasket-4/","54085b64b29ab4ee1e342134b130a040c7f42e5946b0712adea054b85a223f5e","candidate_only_not_redirected","engineering+sales+image+GSC"
"DUP-0038","ro","3","/ro/products/anode-gasket-4/","/ro/products/cathode-gasket-4/","54085b64b29ab4ee1e342134b130a040c7f42e5946b0712adea054b85a223f5e","candidate_only_not_redirected","engineering+sales+image+GSC"
"DUP-0038","ro","3","/ro/products/anode-gasket-4/","/ro/products/rubber-gasket-4/","54085b64b29ab4ee1e342134b130a040c7f42e5946b0712adea054b85a223f5e","candidate_only_not_redirected","engineering+sales+image+GSC"
"DUP-0039","hu","3","/hu/products/anode-gasket-4/","/hu/products/anode-gasket-4/","57d0a112b458f1296450543ca09d5019f43c2363ea61cf2d7de87cd79af927c1","candidate_only_not_redirected","engineering+sales+image+GSC"
"DUP-0039","hu","3","/hu/products/anode-gasket-4/","/hu/products/cathode-gasket-4/","57d0a112b458f1296450543ca09d5019f43c2363ea61cf2d7de87cd79af927c1","candidate_only_not_redirected","engineering+sales+image+GSC"
"DUP-0039","hu","3","/hu/products/anode-gasket-4/","/hu/products/rubber-gasket-4/","57d0a112b458f1296450543ca09d5019f43c2363ea61cf2d7de87cd79af927c1","candidate_only_not_redirected","engineering+sales+image+GSC"
"DUP-0040","hr","3","/hr/products/anode-gasket-3/","/hr/products/anode-gasket-3/","5d14f098e04bf1803076f5a4745edd3c8d0d6d321bcf013852d1598bcf19dbc8","candidate_only_not_redirected","engineering+sales+image+GSC"
"DUP-0040","hr","3","/hr/products/anode-gasket-3/","/hr/products/cathode-gasket-3/","5d14f098e04bf1803076f5a4745edd3c8d0d6d321bcf013852d1598bcf19dbc8","candidate_only_not_redirected","engineering+sales+image+GSC"
"DUP-0040","hr","3","/hr/products/anode-gasket-3/","/hr/products/rubber-gasket-3/","5d14f098e04bf1803076f5a4745edd3c8d0d6d321bcf013852d1598bcf19dbc8","candidate_only_not_redirected","engineering+sales+image+GSC"
"DUP-0041","uk","3","/uk/products/anode-gasket-3/","/uk/products/anode-gasket-3/","618de9415fabc5760cfe3b095dce0f457643626ccb2f95b98d9fd6e917061c8f","candidate_only_not_redirected","engineering+sales+image+GSC"
"DUP-0041","uk","3","/uk/products/anode-gasket-3/","/uk/products/cathode-gasket-3/","618de9415fabc5760cfe3b095dce0f457643626ccb2f95b98d9fd6e917061c8f","candidate_only_not_redirected","engineering+sales+image+GSC"
"DUP-0041","uk","3","/uk/products/anode-gasket-3/","/uk/products/rubber-gasket-3/","618de9415fabc5760cfe3b095dce0f457643626ccb2f95b98d9fd6e917061c8f","candidate_only_not_redirected","engineering+sales+image+GSC"
"DUP-0042","no","3","/no/products/anode-gasket-4/","/no/products/anode-gasket-4/","6d9c5a740764f4ecea8cf6156cdc01a97928938fe475debfe1e6e79263fdd7d7","candidate_only_not_redirected","engineering+sales+image+GSC"
"DUP-0042","no","3","/no/products/anode-gasket-4/","/no/products/cathode-gasket-4/","6d9c5a740764f4ecea8cf6156cdc01a97928938fe475debfe1e6e79263fdd7d7","candidate_only_not_redirected","engineering+sales+image+GSC"
"DUP-0042","no","3","/no/products/anode-gasket-4/","/no/products/rubber-gasket-4/","6d9c5a740764f4ecea8cf6156cdc01a97928938fe475debfe1e6e79263fdd7d7","candidate_only_not_redirected","engineering+sales+image+GSC"
"DUP-0043","fi","3","/fi/products/anode-gasket-3/","/fi/products/anode-gasket-3/","72f4089b2efb3e7f782b2b37a7f2d4c9aa4c9a0790fdc74ff21213e4459a7803","candidate_only_not_redirected","engineering+sales+image+GSC"
"DUP-0043","fi","3","/fi/products/anode-gasket-3/","/fi/products/cathode-gasket-3/","72f4089b2efb3e7f782b2b37a7f2d4c9aa4c9a0790fdc74ff21213e4459a7803","candidate_only_not_redirected","engineering+sales+image+GSC"
"DUP-0043","fi","3","/fi/products/anode-gasket-3/","/fi/products/rubber-gasket-3/","72f4089b2efb3e7f782b2b37a7f2d4c9aa4c9a0790fdc74ff21213e4459a7803","candidate_only_not_redirected","engineering+sales+image+GSC"
"DUP-0044","sv","3","/sv/products/anode-gasket-3/","/sv/products/anode-gasket-3/","93b09437b9200e5c46b39422630d32c7b6aa1be55ed543c4563c5d831799d0dd","candidate_only_not_redirected","engineering+sales+image+GSC"
"DUP-0044","sv","3","/sv/products/anode-gasket-3/","/sv/products/cathode-gasket-3/","93b09437b9200e5c46b39422630d32c7b6aa1be55ed543c4563c5d831799d0dd","candidate_only_not_redirected","engineering+sales+image+GSC"
"DUP-0044","sv","3","/sv/products/anode-gasket-3/","/sv/products/rubber-gasket-3/","93b09437b9200e5c46b39422630d32c7b6aa1be55ed543c4563c5d831799d0dd","candidate_only_not_redirected","engineering+sales+image+GSC"
"DUP-0045","sl","3","/sl/products/anode-gasket-3/","/sl/products/anode-gasket-3/","9821af5d0e1b306b76bc7c23eb5949bc3ad087e2e67c5a2b3a8d34e50dba822b","candidate_only_not_redirected","engineering+sales+image+GSC"
"DUP-0045","sl","3","/sl/products/anode-gasket-3/","/sl/products/cathode-gasket-3/","9821af5d0e1b306b76bc7c23eb5949bc3ad087e2e67c5a2b3a8d34e50dba822b","candidate_only_not_redirected","engineering+sales+image+GSC"
"DUP-0045","sl","3","/sl/products/anode-gasket-3/","/sl/products/rubber-gasket-3/","9821af5d0e1b306b76bc7c23eb5949bc3ad087e2e67c5a2b3a8d34e50dba822b","candidate_only_not_redirected","engineering+sales+image+GSC"
"DUP-0046","sw","3","/sw/products/anode-gasket-3/","/sw/products/anode-gasket-3/","9f7b0b95e059ddba094521c49c04979fcf56927e34b6c43ca2f9612288d65015","candidate_only_not_redirected","engineering+sales+image+GSC"
"DUP-0046","sw","3","/sw/products/anode-gasket-3/","/sw/products/cathode-gasket-3/","9f7b0b95e059ddba094521c49c04979fcf56927e34b6c43ca2f9612288d65015","candidate_only_not_redirected","engineering+sales+image+GSC"
"DUP-0046","sw","3","/sw/products/anode-gasket-3/","/sw/products/rubber-gasket-3/","9f7b0b95e059ddba094521c49c04979fcf56927e34b6c43ca2f9612288d65015","candidate_only_not_redirected","engineering+sales+image+GSC"
"DUP-0047","cs","3","/cs/products/anode-gasket-4/","/cs/products/anode-gasket-4/","be3e8fd6908f35af6088c936ff5e2cd4d1dd5b3c91ff2c25e6eddc01da9d6a58","candidate_only_not_redirected","engineering+sales+image+GSC"
"DUP-0047","cs","3","/cs/products/anode-gasket-4/","/cs/products/cathode-gasket-4/","be3e8fd6908f35af6088c936ff5e2cd4d1dd5b3c91ff2c25e6eddc01da9d6a58","candidate_only_not_redirected","engineering+sales+image+GSC"
"DUP-0047","cs","3","/cs/products/anode-gasket-4/","/cs/products/rubber-gasket-4/","be3e8fd6908f35af6088c936ff5e2cd4d1dd5b3c91ff2c25e6eddc01da9d6a58","candidate_only_not_redirected","engineering+sales+image+GSC"
"DUP-0048","he","3","/he/products/anode-gasket-4/","/he/products/anode-gasket-4/","c0d53a18bee0eacf54e25ba1a558cb635fb9375af3cfe203a659334f02fc91ae","candidate_only_not_redirected","engineering+sales+image+GSC"
"DUP-0048","he","3","/he/products/anode-gasket-4/","/he/products/cathode-gasket-4/","c0d53a18bee0eacf54e25ba1a558cb635fb9375af3cfe203a659334f02fc91ae","candidate_only_not_redirected","engineering+sales+image+GSC"
"DUP-0048","he","3","/he/products/anode-gasket-4/","/he/products/rubber-gasket-4/","c0d53a18bee0eacf54e25ba1a558cb635fb9375af3cfe203a659334f02fc91ae","candidate_only_not_redirected","engineering+sales+image+GSC"
"DUP-0049","no","3","/no/products/anode-gasket-3/","/no/products/anode-gasket-3/","cdf80ee143fe5aabd643050c7dafcdfdae47357b8109e862d8178421f99ca6f2","candidate_only_not_redirected","engineering+sales+image+GSC"
"DUP-0049","no","3","/no/products/anode-gasket-3/","/no/products/cathode-gasket-3/","cdf80ee143fe5aabd643050c7dafcdfdae47357b8109e862d8178421f99ca6f2","candidate_only_not_redirected","engineering+sales+image+GSC"
"DUP-0049","no","3","/no/products/anode-gasket-3/","/no/products/rubber-gasket-3/","cdf80ee143fe5aabd643050c7dafcdfdae47357b8109e862d8178421f99ca6f2","candidate_only_not_redirected","engineering+sales+image+GSC"
"DUP-0050","he","3","/he/products/anode-gasket-3/","/he/products/anode-gasket-3/","ce909fcbf4732b3857bc49548efb8c7e75951a0e1eb3bda1ea4c06c98bccb41e","candidate_only_not_redirected","engineering+sales+image+GSC"
"DUP-0050","he","3","/he/products/anode-gasket-3/","/he/products/cathode-gasket-3/","ce909fcbf4732b3857bc49548efb8c7e75951a0e1eb3bda1ea4c06c98bccb41e","candidate_only_not_redirected","engineering+sales+image+GSC"
"DUP-0050","he","3","/he/products/anode-gasket-3/","/he/products/rubber-gasket-3/","ce909fcbf4732b3857bc49548efb8c7e75951a0e1eb3bda1ea4c06c98bccb41e","candidate_only_not_redirected","engineering+sales+image+GSC"
"DUP-0051","bg","3","/bg/products/anode-gasket-4/","/bg/products/anode-gasket-4/","d03cbd9bcf20430bf99ef917d03dcd1702d8a4eaa4f2baa153f8df076fade715","candidate_only_not_redirected","engineering+sales+image+GSC"
"DUP-0051","bg","3","/bg/products/anode-gasket-4/","/bg/products/cathode-gasket-4/","d03cbd9bcf20430bf99ef917d03dcd1702d8a4eaa4f2baa153f8df076fade715","candidate_only_not_redirected","engineering+sales+image+GSC"
"DUP-0051","bg","3","/bg/products/anode-gasket-4/","/bg/products/rubber-gasket-4/","d03cbd9bcf20430bf99ef917d03dcd1702d8a4eaa4f2baa153f8df076fade715","candidate_only_not_redirected","engineering+sales+image+GSC"
"DUP-0052","hu","3","/hu/products/anode-gasket-3/","/hu/products/anode-gasket-3/","d46d8915282eee105258d6d9bb4850e6d3b594d1839901561224e94018f491cf","candidate_only_not_redirected","engineering+sales+image+GSC"
"DUP-0052","hu","3","/hu/products/anode-gasket-3/","/hu/products/cathode-gasket-3/","d46d8915282eee105258d6d9bb4850e6d3b594d1839901561224e94018f491cf","candidate_only_not_redirected","engineering+sales+image+GSC"
"DUP-0052","hu","3","/hu/products/anode-gasket-3/","/hu/products/rubber-gasket-3/","d46d8915282eee105258d6d9bb4850e6d3b594d1839901561224e94018f491cf","candidate_only_not_redirected","engineering+sales+image+GSC"
"DUP-0053","da","3","/da/products/anode-gasket-4/","/da/products/anode-gasket-4/","d5f0603ec710e03a1039153a12dcaf99963291bc9f54972d11a038188a943052","candidate_only_not_redirected","engineering+sales+image+GSC"
"DUP-0053","da","3","/da/products/anode-gasket-4/","/da/products/cathode-gasket-4/","d5f0603ec710e03a1039153a12dcaf99963291bc9f54972d11a038188a943052","candidate_only_not_redirected","engineering+sales+image+GSC"
"DUP-0053","da","3","/da/products/anode-gasket-4/","/da/products/rubber-gasket-4/","d5f0603ec710e03a1039153a12dcaf99963291bc9f54972d11a038188a943052","candidate_only_not_redirected","engineering+sales+image+GSC"
"DUP-0054","cs","3","/cs/products/anode-gasket-3/","/cs/products/anode-gasket-3/","e3dff2eb132f173cb6aab153cd4a3cef1c91bcc4672ad858c03f3e3e1f4dde54","candidate_only_not_redirected","engineering+sales+image+GSC"
"DUP-0054","cs","3","/cs/products/anode-gasket-3/","/cs/products/cathode-gasket-3/","e3dff2eb132f173cb6aab153cd4a3cef1c91bcc4672ad858c03f3e3e1f4dde54","candidate_only_not_redirected","engineering+sales+image+GSC"
"DUP-0054","cs","3","/cs/products/anode-gasket-3/","/cs/products/rubber-gasket-3/","e3dff2eb132f173cb6aab153cd4a3cef1c91bcc4672ad858c03f3e3e1f4dde54","candidate_only_not_redirected","engineering+sales+image+GSC"
"DUP-0055","ro","3","/ro/products/anode-gasket-3/","/ro/products/anode-gasket-3/","e93597bf49ae37c89999f46923725a4407ac2e9068109360952fc64230ca7dc2","candidate_only_not_redirected","engineering+sales+image+GSC"
"DUP-0055","ro","3","/ro/products/anode-gasket-3/","/ro/products/cathode-gasket-3/","e93597bf49ae37c89999f46923725a4407ac2e9068109360952fc64230ca7dc2","candidate_only_not_redirected","engineering+sales+image+GSC"
"DUP-0055","ro","3","/ro/products/anode-gasket-3/","/ro/products/rubber-gasket-3/","e93597bf49ae37c89999f46923725a4407ac2e9068109360952fc64230ca7dc2","candidate_only_not_redirected","engineering+sales+image+GSC"
"DUP-0056","sk","3","/sk/products/anode-gasket-4/","/sk/products/anode-gasket-4/","ee2abdc032fb23262823d9e961b56eb01637eef9385dd49a9503316fec2dc47d","candidate_only_not_redirected","engineering+sales+image+GSC"
"DUP-0056","sk","3","/sk/products/anode-gasket-4/","/sk/products/cathode-gasket-4/","ee2abdc032fb23262823d9e961b56eb01637eef9385dd49a9503316fec2dc47d","candidate_only_not_redirected","engineering+sales+image+GSC"
"DUP-0056","sk","3","/sk/products/anode-gasket-4/","/sk/products/rubber-gasket-4/","ee2abdc032fb23262823d9e961b56eb01637eef9385dd49a9503316fec2dc47d","candidate_only_not_redirected","engineering+sales+image+GSC"
"DUP-0057","uk","2","/uk/products/anode-gasket-5/","/uk/products/anode-gasket-5/","021400f0018ed988643602052d3c8662af36500f20f21df409e67edcac4ecc19","candidate_only_not_redirected","engineering+sales+image+GSC"
"DUP-0057","uk","2","/uk/products/anode-gasket-5/","/uk/products/cathode-gasket-5/","021400f0018ed988643602052d3c8662af36500f20f21df409e67edcac4ecc19","candidate_only_not_redirected","engineering+sales+image+GSC"
"DUP-0058","hu","2","/hu/products/anode-gasket-5/","/hu/products/anode-gasket-5/","037e6c828f4010424a70f17b8276ab9b0fd08f1aa85f5aa6fe98bfd2507192ca","candidate_only_not_redirected","engineering+sales+image+GSC"
"DUP-0058","hu","2","/hu/products/anode-gasket-5/","/hu/products/cathode-gasket-5/","037e6c828f4010424a70f17b8276ab9b0fd08f1aa85f5aa6fe98bfd2507192ca","candidate_only_not_redirected","engineering+sales+image+GSC"
"DUP-0059","cs","2","/cs/products/western-petroleum-cathode-gasket/","/cs/products/western-petroleum-anode-gasket-2/","05b3bf1f4fb5911020000c953fe3bfe56f03cf3bf1f7d83cb27ef991bf6cad79","candidate_only_not_redirected","engineering+sales+image+GSC"
"DUP-0059","cs","2","/cs/products/western-petroleum-cathode-gasket/","/cs/products/western-petroleum-cathode-gasket/","05b3bf1f4fb5911020000c953fe3bfe56f03cf3bf1f7d83cb27ef991bf6cad79","candidate_only_not_redirected","engineering+sales+image+GSC"
"DUP-0060","fi","2","/fi/products/fluoroplastic-hose/","/fi/products/fluoroplastic-hose/","0868653d297e0eaf620e0060eec4eb3f187e7a0383a18a20c4c8bfe54df64350","candidate_only_not_redirected","engineering+sales+image+GSC"
"DUP-0060","fi","2","/fi/products/fluoroplastic-hose/","/fi/products/fluoroplastic-seal/","0868653d297e0eaf620e0060eec4eb3f187e7a0383a18a20c4c8bfe54df64350","candidate_only_not_redirected","engineering+sales+image+GSC"
"DUP-0061","tk","2","/tk/products/custom-gasket/","/tk/products/custom-gasket/","09b06f7038683c5be1728d6a6e828d90df7c37a227e12d76bfe359a29cd9d533","candidate_only_not_redirected","engineering+sales+image+GSC"
"DUP-0061","tk","2","/tk/products/custom-gasket/","/tk/products/rubber-gasket/","09b06f7038683c5be1728d6a6e828d90df7c37a227e12d76bfe359a29cd9d533","candidate_only_not_redirected","engineering+sales+image+GSC"
"DUP-0062","da","2","/da/products/anode-gasket-6/","/da/products/anode-gasket-6/","0afed037ac46c438b4ba7cd7a122fec462f4f329fde2799a611c04d27377d543","candidate_only_not_redirected","engineering+sales+image+GSC"
"DUP-0062","da","2","/da/products/anode-gasket-6/","/da/products/cathode-gasket-6/","0afed037ac46c438b4ba7cd7a122fec462f4f329fde2799a611c04d27377d543","candidate_only_not_redirected","engineering+sales+image+GSC"
"DUP-0063","cs","2","/cs/products/anode-gasket-6/","/cs/products/anode-gasket-6/","0c72f25f30409549bba5a430fb60e7864a653b2530248ef1b0357ef1c82f9700","candidate_only_not_redirected","engineering+sales+image+GSC"
"DUP-0063","cs","2","/cs/products/anode-gasket-6/","/cs/products/cathode-gasket-6/","0c72f25f30409549bba5a430fb60e7864a653b2530248ef1b0357ef1c82f9700","candidate_only_not_redirected","engineering+sales+image+GSC"
"DUP-0064","ro","2","/ro/products/anode-gasket-6/","/ro/products/anode-gasket-6/","10f4377c5dadb6b68bb6b37aa11e7aeeb48b6a9ff724f060554b69230acc1e44","candidate_only_not_redirected","engineering+sales+image+GSC"
"DUP-0064","ro","2","/ro/products/anode-gasket-6/","/ro/products/cathode-gasket-6/","10f4377c5dadb6b68bb6b37aa11e7aeeb48b6a9ff724f060554b69230acc1e44","candidate_only_not_redirected","engineering+sales+image+GSC"
"DUP-0065","vi","2","/vi/products/custom-gasket/","/vi/products/custom-gasket/","12f966a36aa69717877429751bd08404d45a4e7d6422abdd010be1a1dbfb3138","candidate_only_not_redirected","engineering+sales+image+GSC"
"DUP-0065","vi","2","/vi/products/custom-gasket/","/vi/products/rubber-gasket/","12f966a36aa69717877429751bd08404d45a4e7d6422abdd010be1a1dbfb3138","candidate_only_not_redirected","engineering+sales+image+GSC"
"DUP-0066","sv","2","/sv/products/anode-gasket-5/","/sv/products/anode-gasket-5/","16734e3be9f105f2d2e266531e6565f4f67dbeebf9da698f5fcf2f3ec8bed969","candidate_only_not_redirected","engineering+sales+image+GSC"
"DUP-0066","sv","2","/sv/products/anode-gasket-5/","/sv/products/cathode-gasket-5/","16734e3be9f105f2d2e266531e6565f4f67dbeebf9da698f5fcf2f3ec8bed969","candidate_only_not_redirected","engineering+sales+image+GSC"
"DUP-0067","hu","2","/hu/products/western-petroleum-cathode-gasket/","/hu/products/western-petroleum-anode-gasket-2/","1e50b167daa66063badb8cbea01e332e40867f3c17b31da0ab8e3bb4472bc8bd","candidate_only_not_redirected","engineering+sales+image+GSC"
"DUP-0067","hu","2","/hu/products/western-petroleum-cathode-gasket/","/hu/products/western-petroleum-cathode-gasket/","1e50b167daa66063badb8cbea01e332e40867f3c17b31da0ab8e3bb4472bc8bd","candidate_only_not_redirected","engineering+sales+image+GSC"
"DUP-0068","id","2","/id/products/custom-gasket/","/id/products/custom-gasket/","20e48ef5b07bf8052be3e418322f68db24db641e6a05bad30faa33d68ff1f492","candidate_only_not_redirected","engineering+sales+image+GSC"
"DUP-0068","id","2","/id/products/custom-gasket/","/id/products/rubber-gasket/","20e48ef5b07bf8052be3e418322f68db24db641e6a05bad30faa33d68ff1f492","candidate_only_not_redirected","engineering+sales+image+GSC"
"DUP-0069","hi","2","/hi/products/custom-gasket/","/hi/products/custom-gasket/","270a0c5425dc212eb17dfff854bd496d7cab2205bd34ecfcd51ac8fa09071349","candidate_only_not_redirected","engineering+sales+image+GSC"
"DUP-0069","hi","2","/hi/products/custom-gasket/","/hi/products/rubber-gasket/","270a0c5425dc212eb17dfff854bd496d7cab2205bd34ecfcd51ac8fa09071349","candidate_only_not_redirected","engineering+sales+image+GSC"
"DUP-0070","ko","2","/ko/products/custom-gasket/","/ko/products/custom-gasket/","27b88a0996f310ebe8deb303504ed8ba1099c9644d6b7b9c75b227c35c536c0d","candidate_only_not_redirected","engineering+sales+image+GSC"
"DUP-0070","ko","2","/ko/products/custom-gasket/","/ko/products/rubber-gasket/","27b88a0996f310ebe8deb303504ed8ba1099c9644d6b7b9c75b227c35c536c0d","candidate_only_not_redirected","engineering+sales+image+GSC"
"DUP-0071","pt","2","/pt/products/custom-gasket/","/pt/products/custom-gasket/","2e23019a19c4177b6a12a24b35849963dd9042a07d2e0ee777756f2c5f69ae5c","candidate_only_not_redirected","engineering+sales+image+GSC"
"DUP-0071","pt","2","/pt/products/custom-gasket/","/pt/products/rubber-gasket/","2e23019a19c4177b6a12a24b35849963dd9042a07d2e0ee777756f2c5f69ae5c","candidate_only_not_redirected","engineering+sales+image+GSC"
"DUP-0072","sv","2","/sv/products/western-petroleum-cathode-gasket/","/sv/products/western-petroleum-anode-gasket-2/","2f22e69a02a2a0f1ac03f2cfd5003d570593d48a0f5fd6e15fae8d6d17120682","candidate_only_not_redirected","engineering+sales+image+GSC"
"DUP-0072","sv","2","/sv/products/western-petroleum-cathode-gasket/","/sv/products/western-petroleum-cathode-gasket/","2f22e69a02a2a0f1ac03f2cfd5003d570593d48a0f5fd6e15fae8d6d17120682","candidate_only_not_redirected","engineering+sales+image+GSC"
"DUP-0073","uk","2","/uk/products/fluoroplastic-hose/","/uk/products/fluoroplastic-hose/","32b7324a99832702d748f2cfdcb2b09b27e6630b2a3a0dd7ac11408c3af37289","candidate_only_not_redirected","engineering+sales+image+GSC"
"DUP-0073","uk","2","/uk/products/fluoroplastic-hose/","/uk/products/fluoroplastic-seal/","32b7324a99832702d748f2cfdcb2b09b27e6630b2a3a0dd7ac11408c3af37289","candidate_only_not_redirected","engineering+sales+image+GSC"
"DUP-0074","fi","2","/fi/products/anode-gasket-5/","/fi/products/anode-gasket-5/","36b2b20ae6df686f1cf4cabd448e46b2b4ef17a7f60c4ebe0c85cc150b527b16","candidate_only_not_redirected","engineering+sales+image+GSC"
"DUP-0074","fi","2","/fi/products/anode-gasket-5/","/fi/products/cathode-gasket-5/","36b2b20ae6df686f1cf4cabd448e46b2b4ef17a7f60c4ebe0c85cc150b527b16","candidate_only_not_redirected","engineering+sales+image+GSC"
"DUP-0075","uz","2","/uz/products/custom-gasket/","/uz/products/custom-gasket/","3a747238a1ac1ce8bab36123b7b369e95307e8021c8c632d0191a63e50e605e3","candidate_only_not_redirected","engineering+sales+image+GSC"
"DUP-0075","uz","2","/uz/products/custom-gasket/","/uz/products/rubber-gasket/","3a747238a1ac1ce8bab36123b7b369e95307e8021c8c632d0191a63e50e605e3","candidate_only_not_redirected","engineering+sales+image+GSC"
"DUP-0076","bg","2","/bg/products/fluoroplastic-hose/","/bg/products/fluoroplastic-hose/","3e92ff5178073f8e781d6f6cfd19213b04c084afa0b0abfbb381cae10f01e829","candidate_only_not_redirected","engineering+sales+image+GSC"
"DUP-0076","bg","2","/bg/products/fluoroplastic-hose/","/bg/products/fluoroplastic-seal/","3e92ff5178073f8e781d6f6cfd19213b04c084afa0b0abfbb381cae10f01e829","candidate_only_not_redirected","engineering+sales+image+GSC"
"DUP-0077","hr","2","/hr/products/fluoroplastic-hose/","/hr/products/fluoroplastic-hose/","401894a559b5ce5027a6cf416ab8371d110378576fe3a111918ad6ef6cd2d2f5","candidate_only_not_redirected","engineering+sales+image+GSC"
"DUP-0077","hr","2","/hr/products/fluoroplastic-hose/","/hr/products/fluoroplastic-seal/","401894a559b5ce5027a6cf416ab8371d110378576fe3a111918ad6ef6cd2d2f5","candidate_only_not_redirected","engineering+sales+image+GSC"
"DUP-0078","th","2","/th/products/custom-gasket/","/th/products/custom-gasket/","40fae0b0aa9404749d2fcfe79b169c84236ab806589276de48c39cb46ea58d38","candidate_only_not_redirected","engineering+sales+image+GSC"
"DUP-0078","th","2","/th/products/custom-gasket/","/th/products/rubber-gasket/","40fae0b0aa9404749d2fcfe79b169c84236ab806589276de48c39cb46ea58d38","candidate_only_not_redirected","engineering+sales+image+GSC"
"DUP-0079","fa","2","/fa/products/custom-gasket/","/fa/products/custom-gasket/","47cd389891173e61c9f81ee3be9809b15f688bf3a1a8ff05a69a21ffa1b61463","candidate_only_not_redirected","engineering+sales+image+GSC"
"DUP-0079","fa","2","/fa/products/custom-gasket/","/fa/products/rubber-gasket/","47cd389891173e61c9f81ee3be9809b15f688bf3a1a8ff05a69a21ffa1b61463","candidate_only_not_redirected","engineering+sales+image+GSC"
"DUP-0080","en","2","/en/products/custom-gasket/","/en/products/custom-gasket/","4af33111df143584823d42fbd3907de7e1510bdd77319beb2c8d411775f4a2bf","candidate_only_not_redirected","engineering+sales+image+GSC"
"DUP-0080","en","2","/en/products/custom-gasket/","/en/products/rubber-gasket/","4af33111df143584823d42fbd3907de7e1510bdd77319beb2c8d411775f4a2bf","candidate_only_not_redirected","engineering+sales+image+GSC"
"DUP-0081","sk","2","/sk/products/anode-gasket-5/","/sk/products/anode-gasket-5/","4be4330e124d3e5b83a2b11eb7e1267be4ccc28391b2d304c5323582239537a5","candidate_only_not_redirected","engineering+sales+image+GSC"
"DUP-0081","sk","2","/sk/products/anode-gasket-5/","/sk/products/cathode-gasket-5/","4be4330e124d3e5b83a2b11eb7e1267be4ccc28391b2d304c5323582239537a5","candidate_only_not_redirected","engineering+sales+image+GSC"
"DUP-0082","sw","2","/sw/products/anode-gasket-6/","/sw/products/anode-gasket-6/","4e776a61599fd4a4f7ae48b9f7b271538e92edc3baf8e682df94cb444a451183","candidate_only_not_redirected","engineering+sales+image+GSC"
"DUP-0082","sw","2","/sw/products/anode-gasket-6/","/sw/products/cathode-gasket-6/","4e776a61599fd4a4f7ae48b9f7b271538e92edc3baf8e682df94cb444a451183","candidate_only_not_redirected","engineering+sales+image+GSC"
"DUP-0083","ja","2","/ja/products/custom-gasket/","/ja/products/custom-gasket/","4f97f9a945d1af43a0973d3ec1c916c0eae8e2ace4272372da27de36ce53e067","candidate_only_not_redirected","engineering+sales+image+GSC"
"DUP-0083","ja","2","/ja/products/custom-gasket/","/ja/products/rubber-gasket/","4f97f9a945d1af43a0973d3ec1c916c0eae8e2ace4272372da27de36ce53e067","candidate_only_not_redirected","engineering+sales+image+GSC"
"DUP-0084","ro","2","/ro/products/anode-gasket-5/","/ro/products/anode-gasket-5/","4fc9e757838a45350ead1c0c23bdd5461b345a6a0bba8a8b795eb7436e2b650a","candidate_only_not_redirected","engineering+sales+image+GSC"
"DUP-0084","ro","2","/ro/products/anode-gasket-5/","/ro/products/cathode-gasket-5/","4fc9e757838a45350ead1c0c23bdd5461b345a6a0bba8a8b795eb7436e2b650a","candidate_only_not_redirected","engineering+sales+image+GSC"
"DUP-0085","fi","2","/fi/products/western-petroleum-cathode-gasket/","/fi/products/western-petroleum-anode-gasket-2/","51572aafa8dd4bd14c3e55b0c3ca7b3dd44c1bce34d8566e06afcb5c87bcf2e9","candidate_only_not_redirected","engineering+sales+image+GSC"
"DUP-0085","fi","2","/fi/products/western-petroleum-cathode-gasket/","/fi/products/western-petroleum-cathode-gasket/","51572aafa8dd4bd14c3e55b0c3ca7b3dd44c1bce34d8566e06afcb5c87bcf2e9","candidate_only_not_redirected","engineering+sales+image+GSC"
"DUP-0086","hr","2","/hr/products/anode-gasket-5/","/hr/products/anode-gasket-5/","53a0f450b6bcf51ea42ed15bf1b29e79037836f533fa9b1e7846b345daa6a274","candidate_only_not_redirected","engineering+sales+image+GSC"
"DUP-0086","hr","2","/hr/products/anode-gasket-5/","/hr/products/cathode-gasket-5/","53a0f450b6bcf51ea42ed15bf1b29e79037836f533fa9b1e7846b345daa6a274","candidate_only_not_redirected","engineering+sales+image+GSC"
"DUP-0087","da","2","/da/products/fluoroplastic-hose/","/da/products/fluoroplastic-hose/","551321fdf4fc72f86ef5db0afc16a8f6df14274614a4f58843501b0ce42f8d2f","candidate_only_not_redirected","engineering+sales+image+GSC"
"DUP-0087","da","2","/da/products/fluoroplastic-hose/","/da/products/fluoroplastic-seal/","551321fdf4fc72f86ef5db0afc16a8f6df14274614a4f58843501b0ce42f8d2f","candidate_only_not_redirected","engineering+sales+image+GSC"
"DUP-0088","no","2","/no/products/anode-gasket-6/","/no/products/anode-gasket-6/","560ea3310135edb2d14fbcdc052b93b5b0b1094f170022d121ce4000566a98e8","candidate_only_not_redirected","engineering+sales+image+GSC"
"DUP-0088","no","2","/no/products/anode-gasket-6/","/no/products/cathode-gasket-6/","560ea3310135edb2d14fbcdc052b93b5b0b1094f170022d121ce4000566a98e8","candidate_only_not_redirected","engineering+sales+image+GSC"
"DUP-0089","ru","2","/ru/products/custom-gasket/","/ru/products/custom-gasket/","5dda34cc8ad96cb2c2157a756206a7b6d1f3eb6ab321f6872ba0565db66b4a7e","candidate_only_not_redirected","engineering+sales+image+GSC"
"DUP-0089","ru","2","/ru/products/custom-gasket/","/ru/products/rubber-gasket/","5dda34cc8ad96cb2c2157a756206a7b6d1f3eb6ab321f6872ba0565db66b4a7e","candidate_only_not_redirected","engineering+sales+image+GSC"
"DUP-0090","sk","2","/sk/products/fluoroplastic-hose/","/sk/products/fluoroplastic-hose/","5ed1aac395e62e05bce0d9c41b2474053282180db9bbacf1a3b1f075691ae865","candidate_only_not_redirected","engineering+sales+image+GSC"
"DUP-0090","sk","2","/sk/products/fluoroplastic-hose/","/sk/products/fluoroplastic-seal/","5ed1aac395e62e05bce0d9c41b2474053282180db9bbacf1a3b1f075691ae865","candidate_only_not_redirected","engineering+sales+image+GSC"
"DUP-0091","it","2","/it/products/custom-gasket/","/it/products/custom-gasket/","5f3da8631496ad582e87eec4f73c10b81ddbc89d17b30af07e3a500fd78c97f2","candidate_only_not_redirected","engineering+sales+image+GSC"
"DUP-0091","it","2","/it/products/custom-gasket/","/it/products/rubber-gasket/","5f3da8631496ad582e87eec4f73c10b81ddbc89d17b30af07e3a500fd78c97f2","candidate_only_not_redirected","engineering+sales+image+GSC"
"DUP-0092","da","2","/da/products/anode-gasket-5/","/da/products/anode-gasket-5/","5f68e77db616a9f76b57b475e68053db03d820cb0a7f07969d3085d8f0fb6ea6","candidate_only_not_redirected","engineering+sales+image+GSC"
"DUP-0092","da","2","/da/products/anode-gasket-5/","/da/products/cathode-gasket-5/","5f68e77db616a9f76b57b475e68053db03d820cb0a7f07969d3085d8f0fb6ea6","candidate_only_not_redirected","engineering+sales+image+GSC"
"DUP-0093","lb","2","/lb/products/custom-gasket/","/lb/products/custom-gasket/","5ff1d52aa9ba34457088f0c94aef3bfcbfc5567476d8180416568f54e7a8e5b5","candidate_only_not_redirected","engineering+sales+image+GSC"
"DUP-0093","lb","2","/lb/products/custom-gasket/","/lb/products/rubber-gasket/","5ff1d52aa9ba34457088f0c94aef3bfcbfc5567476d8180416568f54e7a8e5b5","candidate_only_not_redirected","engineering+sales+image+GSC"
"DUP-0094","hr","2","/hr/products/anode-gasket-6/","/hr/products/anode-gasket-6/","618810de6c6ee5ae0c0c63bc6b07166992eb238a9cf58aa652bcb43479457e47","candidate_only_not_redirected","engineering+sales+image+GSC"
"DUP-0094","hr","2","/hr/products/anode-gasket-6/","/hr/products/cathode-gasket-6/","618810de6c6ee5ae0c0c63bc6b07166992eb238a9cf58aa652bcb43479457e47","candidate_only_not_redirected","engineering+sales+image+GSC"
"DUP-0095","cs","2","/cs/products/anode-gasket-5/","/cs/products/anode-gasket-5/","685ec6c5fcb6432eb9120ffae4bdcbf7fdb33e6221052b40c5e7ca4285aae8f2","candidate_only_not_redirected","engineering+sales+image+GSC"
"DUP-0095","cs","2","/cs/products/anode-gasket-5/","/cs/products/cathode-gasket-5/","685ec6c5fcb6432eb9120ffae4bdcbf7fdb33e6221052b40c5e7ca4285aae8f2","candidate_only_not_redirected","engineering+sales+image+GSC"
"DUP-0096","cs","2","/cs/products/fluoroplastic-hose/","/cs/products/fluoroplastic-hose/","687311e5e51bf08e08102ef07d9e2c890b1603caf202c23f229e483e40112d1f","candidate_only_not_redirected","engineering+sales+image+GSC"
"DUP-0096","cs","2","/cs/products/fluoroplastic-hose/","/cs/products/fluoroplastic-seal/","687311e5e51bf08e08102ef07d9e2c890b1603caf202c23f229e483e40112d1f","candidate_only_not_redirected","engineering+sales+image+GSC"
"DUP-0097","be","2","/be/products/custom-gasket/","/be/products/custom-gasket/","69162d359a5de2618576ba60c199d913dd25477057fcc5920536c3c32f5ae321","candidate_only_not_redirected","engineering+sales+image+GSC"
"DUP-0097","be","2","/be/products/custom-gasket/","/be/products/rubber-gasket/","69162d359a5de2618576ba60c199d913dd25477057fcc5920536c3c32f5ae321","candidate_only_not_redirected","engineering+sales+image+GSC"
"DUP-0098","no","2","/no/products/fluoroplastic-hose/","/no/products/fluoroplastic-hose/","6a45491c0d50c69c7390c8717eeec14eacdf7bdaeb092b2b185c60c4af994ef0","candidate_only_not_redirected","engineering+sales+image+GSC"
"DUP-0098","no","2","/no/products/fluoroplastic-hose/","/no/products/fluoroplastic-seal/","6a45491c0d50c69c7390c8717eeec14eacdf7bdaeb092b2b185c60c4af994ef0","candidate_only_not_redirected","engineering+sales+image+GSC"
"DUP-0099","he","2","/he/products/anode-gasket-6/","/he/products/anode-gasket-6/","7369e16e7366301dae862ca54821962e9096491f37833c615425fda473ad8b24","candidate_only_not_redirected","engineering+sales+image+GSC"
"DUP-0099","he","2","/he/products/anode-gasket-6/","/he/products/cathode-gasket-6/","7369e16e7366301dae862ca54821962e9096491f37833c615425fda473ad8b24","candidate_only_not_redirected","engineering+sales+image+GSC"
"DUP-0100","kk","2","/kk/products/custom-gasket/","/kk/products/custom-gasket/","7469d776d95826ffcc952f3ee6e0c953da108426717b52847d06fc15ecba96da","candidate_only_not_redirected","engineering+sales+image+GSC"
"DUP-0100","kk","2","/kk/products/custom-gasket/","/kk/products/rubber-gasket/","7469d776d95826ffcc952f3ee6e0c953da108426717b52847d06fc15ecba96da","candidate_only_not_redirected","engineering+sales+image+GSC"
"DUP-0101","ro","2","/ro/products/fluoroplastic-hose/","/ro/products/fluoroplastic-hose/","79d343cd84f3b68c80130923a14e5889e4e208deaa8fa8708eedc94a73598e7b","candidate_only_not_redirected","engineering+sales+image+GSC"
"DUP-0101","ro","2","/ro/products/fluoroplastic-hose/","/ro/products/fluoroplastic-seal/","79d343cd84f3b68c80130923a14e5889e4e208deaa8fa8708eedc94a73598e7b","candidate_only_not_redirected","engineering+sales+image+GSC"
"DUP-0102","pl","2","/pl/products/custom-gasket/","/pl/products/custom-gasket/","7b5b8f3da638e9574864e3a250b0b1fc478cc603873b18a5d66efe3db9e4b6ba","candidate_only_not_redirected","engineering+sales+image+GSC"
"DUP-0102","pl","2","/pl/products/custom-gasket/","/pl/products/rubber-gasket/","7b5b8f3da638e9574864e3a250b0b1fc478cc603873b18a5d66efe3db9e4b6ba","candidate_only_not_redirected","engineering+sales+image+GSC"
"DUP-0103","sl","2","/sl/products/fluoroplastic-hose/","/sl/products/fluoroplastic-hose/","7b85968f3a75646a67344d9a0fa15a766ca109be16032b987eb24ed52a50f35b","candidate_only_not_redirected","engineering+sales+image+GSC"
"DUP-0103","sl","2","/sl/products/fluoroplastic-hose/","/sl/products/fluoroplastic-seal/","7b85968f3a75646a67344d9a0fa15a766ca109be16032b987eb24ed52a50f35b","candidate_only_not_redirected","engineering+sales+image+GSC"
"DUP-0104","da","2","/da/products/western-petroleum-cathode-gasket/","/da/products/western-petroleum-anode-gasket-2/","823e3f37f91bbb8cc2021fa8e54e92e8de301afc86df4335808b8b4e1d2f0e4c","candidate_only_not_redirected","engineering+sales+image+GSC"
"DUP-0104","da","2","/da/products/western-petroleum-cathode-gasket/","/da/products/western-petroleum-cathode-gasket/","823e3f37f91bbb8cc2021fa8e54e92e8de301afc86df4335808b8b4e1d2f0e4c","candidate_only_not_redirected","engineering+sales+image+GSC"
"DUP-0105","sw","2","/sw/products/anode-gasket-5/","/sw/products/anode-gasket-5/","868912c702908cdd98b70c4269c04164674cb7e9ebce4b260ef939008c606b16","candidate_only_not_redirected","engineering+sales+image+GSC"
"DUP-0105","sw","2","/sw/products/anode-gasket-5/","/sw/products/cathode-gasket-5/","868912c702908cdd98b70c4269c04164674cb7e9ebce4b260ef939008c606b16","candidate_only_not_redirected","engineering+sales+image+GSC"
"DUP-0106","ro","2","/ro/products/western-petroleum-cathode-gasket/","/ro/products/western-petroleum-anode-gasket-2/","87dd5a9a2e3b746dc77e7f9bc7d064629ac8f7522eadf30d98bd5826530e8c22","candidate_only_not_redirected","engineering+sales+image+GSC"
"DUP-0106","ro","2","/ro/products/western-petroleum-cathode-gasket/","/ro/products/western-petroleum-cathode-gasket/","87dd5a9a2e3b746dc77e7f9bc7d064629ac8f7522eadf30d98bd5826530e8c22","candidate_only_not_redirected","engineering+sales+image+GSC"
"DUP-0107","hu","2","/hu/products/fluoroplastic-hose/","/hu/products/fluoroplastic-hose/","8ceee5fb0a80a96a31eac2ac26077cfbd55b52c0239ff43b882bd30729744360","candidate_only_not_redirected","engineering+sales+image+GSC"
"DUP-0107","hu","2","/hu/products/fluoroplastic-hose/","/hu/products/fluoroplastic-seal/","8ceee5fb0a80a96a31eac2ac26077cfbd55b52c0239ff43b882bd30729744360","candidate_only_not_redirected","engineering+sales+image+GSC"
"DUP-0108","fr","2","/fr/products/custom-gasket/","/fr/products/custom-gasket/","8e1d97e14f5adda94e37d7abfc4911dabf513b80fbbe98e54d8e3fae9d7ea7e5","candidate_only_not_redirected","engineering+sales+image+GSC"
"DUP-0108","fr","2","/fr/products/custom-gasket/","/fr/products/rubber-gasket/","8e1d97e14f5adda94e37d7abfc4911dabf513b80fbbe98e54d8e3fae9d7ea7e5","candidate_only_not_redirected","engineering+sales+image+GSC"
"DUP-0109","es","2","/es/products/custom-gasket/","/es/products/custom-gasket/","916d62b62cff1b4ad3939a713df6c3d81b83f6ca168a48a96131511904c69f2d","candidate_only_not_redirected","engineering+sales+image+GSC"
"DUP-0109","es","2","/es/products/custom-gasket/","/es/products/rubber-gasket/","916d62b62cff1b4ad3939a713df6c3d81b83f6ca168a48a96131511904c69f2d","candidate_only_not_redirected","engineering+sales+image+GSC"
"DUP-0110","ky","2","/ky/products/custom-gasket/","/ky/products/custom-gasket/","9177fad4e2397d67c506abb630eea4365f54af067e1e7958bdb10a03322295a8","candidate_only_not_redirected","engineering+sales+image+GSC"
"DUP-0110","ky","2","/ky/products/custom-gasket/","/ky/products/rubber-gasket/","9177fad4e2397d67c506abb630eea4365f54af067e1e7958bdb10a03322295a8","candidate_only_not_redirected","engineering+sales+image+GSC"
"DUP-0111","ms","2","/ms/products/custom-gasket/","/ms/products/custom-gasket/","97114a4d32760c66d92112638eadee6745de892f1c406255f150dbb837b74710","candidate_only_not_redirected","engineering+sales+image+GSC"
"DUP-0111","ms","2","/ms/products/custom-gasket/","/ms/products/rubber-gasket/","97114a4d32760c66d92112638eadee6745de892f1c406255f150dbb837b74710","candidate_only_not_redirected","engineering+sales+image+GSC"
"DUP-0112","bg","2","/bg/products/anode-gasket-5/","/bg/products/anode-gasket-5/","975cd9125be5c060c5339e354a4dd8389aedc21f718de0aa26718d5ec02b2299","candidate_only_not_redirected","engineering+sales+image+GSC"
"DUP-0112","bg","2","/bg/products/anode-gasket-5/","/bg/products/cathode-gasket-5/","975cd9125be5c060c5339e354a4dd8389aedc21f718de0aa26718d5ec02b2299","candidate_only_not_redirected","engineering+sales+image+GSC"
"DUP-0113","sv","2","/sv/products/fluoroplastic-hose/","/sv/products/fluoroplastic-hose/","9f58b33b35386f1688b89ba335bcff17268a4de3fb1ff540827111cefadc9ef0","candidate_only_not_redirected","engineering+sales+image+GSC"
"DUP-0113","sv","2","/sv/products/fluoroplastic-hose/","/sv/products/fluoroplastic-seal/","9f58b33b35386f1688b89ba335bcff17268a4de3fb1ff540827111cefadc9ef0","candidate_only_not_redirected","engineering+sales+image+GSC"
"DUP-0114","sk","2","/sk/products/anode-gasket-6/","/sk/products/anode-gasket-6/","a0189d2ab69c1d26b7a80803e11548ef4e2a5f4c37c46c08669c301e3cf9b3ea","candidate_only_not_redirected","engineering+sales+image+GSC"
"DUP-0114","sk","2","/sk/products/anode-gasket-6/","/sk/products/cathode-gasket-6/","a0189d2ab69c1d26b7a80803e11548ef4e2a5f4c37c46c08669c301e3cf9b3ea","candidate_only_not_redirected","engineering+sales+image+GSC"
"DUP-0115","sw","2","/sw/products/fluoroplastic-hose/","/sw/products/fluoroplastic-hose/","a0e3c1cccec449819fed868518e0a681a1880e941854851bef434acfab539bb9","candidate_only_not_redirected","engineering+sales+image+GSC"
"DUP-0115","sw","2","/sw/products/fluoroplastic-hose/","/sw/products/fluoroplastic-seal/","a0e3c1cccec449819fed868518e0a681a1880e941854851bef434acfab539bb9","candidate_only_not_redirected","engineering+sales+image+GSC"
"DUP-0116","he","2","/he/products/anode-gasket-5/","/he/products/anode-gasket-5/","a36cd6f48c019c8a2520fefc7546e3825230266a646ef310f974e47b2d0fba12","candidate_only_not_redirected","engineering+sales+image+GSC"
"DUP-0116","he","2","/he/products/anode-gasket-5/","/he/products/cathode-gasket-5/","a36cd6f48c019c8a2520fefc7546e3825230266a646ef310f974e47b2d0fba12","candidate_only_not_redirected","engineering+sales+image+GSC"
"DUP-0117","uk","2","/uk/products/western-petroleum-cathode-gasket/","/uk/products/western-petroleum-anode-gasket-2/","a5782eb400df76a3b00c64f26501bd4bacb546b0592dd37758e6032a9a013c1e","candidate_only_not_redirected","engineering+sales+image+GSC"
"DUP-0117","uk","2","/uk/products/western-petroleum-cathode-gasket/","/uk/products/western-petroleum-cathode-gasket/","a5782eb400df76a3b00c64f26501bd4bacb546b0592dd37758e6032a9a013c1e","candidate_only_not_redirected","engineering+sales+image+GSC"
"DUP-0118","sk","2","/sk/products/western-petroleum-cathode-gasket/","/sk/products/western-petroleum-anode-gasket-2/","a64001e5bb0ea14835f98bb279077f152d48cc15cd6d30eb47d3c4bc6f100b8b","candidate_only_not_redirected","engineering+sales+image+GSC"
"DUP-0118","sk","2","/sk/products/western-petroleum-cathode-gasket/","/sk/products/western-petroleum-cathode-gasket/","a64001e5bb0ea14835f98bb279077f152d48cc15cd6d30eb47d3c4bc6f100b8b","candidate_only_not_redirected","engineering+sales+image+GSC"
"DUP-0119","sl","2","/sl/products/anode-gasket-6/","/sl/products/anode-gasket-6/","a7e2b5ebd10302a37c5ef004164a6c238301833bce2981aa5150301cbe048b57","candidate_only_not_redirected","engineering+sales+image+GSC"
"DUP-0119","sl","2","/sl/products/anode-gasket-6/","/sl/products/cathode-gasket-6/","a7e2b5ebd10302a37c5ef004164a6c238301833bce2981aa5150301cbe048b57","candidate_only_not_redirected","engineering+sales+image+GSC"
"DUP-0120","hu","2","/hu/products/anode-gasket-6/","/hu/products/anode-gasket-6/","ae1f0d6b2c55e97937bad9066d99a89545d546e4b8b897bd179ec823e192f162","candidate_only_not_redirected","engineering+sales+image+GSC"
"DUP-0120","hu","2","/hu/products/anode-gasket-6/","/hu/products/cathode-gasket-6/","ae1f0d6b2c55e97937bad9066d99a89545d546e4b8b897bd179ec823e192f162","candidate_only_not_redirected","engineering+sales+image+GSC"
"DUP-0121","he","2","/he/products/fluoroplastic-hose/","/he/products/fluoroplastic-hose/","b27225c6524fae3cf62eff3fc2df00287e8ca8d2e0da66e8eb92c23598bb59d1","candidate_only_not_redirected","engineering+sales+image+GSC"
"DUP-0121","he","2","/he/products/fluoroplastic-hose/","/he/products/fluoroplastic-seal/","b27225c6524fae3cf62eff3fc2df00287e8ca8d2e0da66e8eb92c23598bb59d1","candidate_only_not_redirected","engineering+sales+image+GSC"
"DUP-0122","bg","2","/bg/products/anode-gasket-6/","/bg/products/anode-gasket-6/","b4c2c18ed563b04d67d6e15ec45c7893d0c306c224870d6c4d75d7f9f47677aa","candidate_only_not_redirected","engineering+sales+image+GSC"
"DUP-0122","bg","2","/bg/products/anode-gasket-6/","/bg/products/cathode-gasket-6/","b4c2c18ed563b04d67d6e15ec45c7893d0c306c224870d6c4d75d7f9f47677aa","candidate_only_not_redirected","engineering+sales+image+GSC"
"DUP-0123","nl","2","/nl/products/custom-gasket/","/nl/products/custom-gasket/","c2593ec7fe8115ab6ed2035512a91361399e0462736840883991df40b5fae9f6","candidate_only_not_redirected","engineering+sales+image+GSC"
"DUP-0123","nl","2","/nl/products/custom-gasket/","/nl/products/rubber-gasket/","c2593ec7fe8115ab6ed2035512a91361399e0462736840883991df40b5fae9f6","candidate_only_not_redirected","engineering+sales+image+GSC"
"DUP-0124","tr","2","/tr/products/custom-gasket/","/tr/products/custom-gasket/","cf120dfeaf9fb25096f691f959228a250f7ddcd3de79034d683dbe921900f8e4","candidate_only_not_redirected","engineering+sales+image+GSC"
"DUP-0124","tr","2","/tr/products/custom-gasket/","/tr/products/rubber-gasket/","cf120dfeaf9fb25096f691f959228a250f7ddcd3de79034d683dbe921900f8e4","candidate_only_not_redirected","engineering+sales+image+GSC"
"DUP-0125","ko-kp","2","/ko-kp/products/custom-gasket/","/ko-kp/products/custom-gasket/","cf78c7f676dab62bc5bb13a8c7973da5b81a997af53bd15120925f4f61ca0edc","candidate_only_not_redirected","engineering+sales+image+GSC"
"DUP-0125","ko-kp","2","/ko-kp/products/custom-gasket/","/ko-kp/products/rubber-gasket/","cf78c7f676dab62bc5bb13a8c7973da5b81a997af53bd15120925f4f61ca0edc","candidate_only_not_redirected","engineering+sales+image+GSC"
"DUP-0126","no","2","/no/products/western-petroleum-cathode-gasket/","/no/products/western-petroleum-anode-gasket-2/","d2860470aec047f1bdac0a79751711f1b7fd02eb5cc359946e57180ae5860d93","candidate_only_not_redirected","engineering+sales+image+GSC"
"DUP-0126","no","2","/no/products/western-petroleum-cathode-gasket/","/no/products/western-petroleum-cathode-gasket/","d2860470aec047f1bdac0a79751711f1b7fd02eb5cc359946e57180ae5860d93","candidate_only_not_redirected","engineering+sales+image+GSC"
"DUP-0127","sw","2","/sw/products/western-petroleum-cathode-gasket/","/sw/products/western-petroleum-anode-gasket-2/","d4ef6dba7312002bbdfaed5f4fe2a59ced2b9671ed6472a76ef671845ce22414","candidate_only_not_redirected","engineering+sales+image+GSC"
"DUP-0127","sw","2","/sw/products/western-petroleum-cathode-gasket/","/sw/products/western-petroleum-cathode-gasket/","d4ef6dba7312002bbdfaed5f4fe2a59ced2b9671ed6472a76ef671845ce22414","candidate_only_not_redirected","engineering+sales+image+GSC"
"DUP-0128","el","2","/el/products/custom-gasket/","/el/products/custom-gasket/","d74f9c22794ff2658cae8bc1d0a0b06e1d80dcd54043dc00e3fa76e5ff300bd9","candidate_only_not_redirected","engineering+sales+image+GSC"
"DUP-0128","el","2","/el/products/custom-gasket/","/el/products/rubber-gasket/","d74f9c22794ff2658cae8bc1d0a0b06e1d80dcd54043dc00e3fa76e5ff300bd9","candidate_only_not_redirected","engineering+sales+image+GSC"
"DUP-0129","fi","2","/fi/products/anode-gasket-6/","/fi/products/anode-gasket-6/","dafe7d55237e58e315a88def84280236f96f04c534b017c42db88666b56995d5","candidate_only_not_redirected","engineering+sales+image+GSC"
"DUP-0129","fi","2","/fi/products/anode-gasket-6/","/fi/products/cathode-gasket-6/","dafe7d55237e58e315a88def84280236f96f04c534b017c42db88666b56995d5","candidate_only_not_redirected","engineering+sales+image+GSC"
"DUP-0130","no","2","/no/products/anode-gasket-5/","/no/products/anode-gasket-5/","dc4ea26e7aa5bd465e82e565ae698be779a90b4192eaaad3955032431ec7e65b","candidate_only_not_redirected","engineering+sales+image+GSC"
"DUP-0130","no","2","/no/products/anode-gasket-5/","/no/products/cathode-gasket-5/","dc4ea26e7aa5bd465e82e565ae698be779a90b4192eaaad3955032431ec7e65b","candidate_only_not_redirected","engineering+sales+image+GSC"
"DUP-0131","sv","2","/sv/products/anode-gasket-6/","/sv/products/anode-gasket-6/","dd52891dd0e262cd73837a570ece5fcd4233afac26622b2d978aca8e2c0659a3","candidate_only_not_redirected","engineering+sales+image+GSC"
"DUP-0131","sv","2","/sv/products/anode-gasket-6/","/sv/products/cathode-gasket-6/","dd52891dd0e262cd73837a570ece5fcd4233afac26622b2d978aca8e2c0659a3","candidate_only_not_redirected","engineering+sales+image+GSC"
"DUP-0132","bg","2","/bg/products/western-petroleum-cathode-gasket/","/bg/products/western-petroleum-anode-gasket-2/","dd874cbbed5907bf122ba8fb9fc7014fef6171cfcd54fb2a66dc26450527fada","candidate_only_not_redirected","engineering+sales+image+GSC"
"DUP-0132","bg","2","/bg/products/western-petroleum-cathode-gasket/","/bg/products/western-petroleum-cathode-gasket/","dd874cbbed5907bf122ba8fb9fc7014fef6171cfcd54fb2a66dc26450527fada","candidate_only_not_redirected","engineering+sales+image+GSC"
"DUP-0133","sl","2","/sl/products/western-petroleum-cathode-gasket/","/sl/products/western-petroleum-anode-gasket-2/","e71fbc8df2e8e7003c433b570ec0f18a048f29cdb1f2a2abd5ffdf4dec6326a7","candidate_only_not_redirected","engineering+sales+image+GSC"
"DUP-0133","sl","2","/sl/products/western-petroleum-cathode-gasket/","/sl/products/western-petroleum-cathode-gasket/","e71fbc8df2e8e7003c433b570ec0f18a048f29cdb1f2a2abd5ffdf4dec6326a7","candidate_only_not_redirected","engineering+sales+image+GSC"
"DUP-0134","en","2","/en/products/inlet-outlet-hose/","/en/products/fluoroplastic-hose/","e93300a5de50af73ef148e3f40b73c61088f7b48c1053e7cbca997db6119e1ea","candidate_only_not_redirected","engineering+sales+image+GSC"
"DUP-0134","en","2","/en/products/inlet-outlet-hose/","/en/products/inlet-outlet-hose/","e93300a5de50af73ef148e3f40b73c61088f7b48c1053e7cbca997db6119e1ea","candidate_only_not_redirected","engineering+sales+image+GSC"
"DUP-0135","he","2","/he/products/western-petroleum-cathode-gasket/","/he/products/western-petroleum-anode-gasket-2/","ecf30a9fa1aee38ff876d6d0ddf8b2870dbbdeb886d6a160558017b8a69ab310","candidate_only_not_redirected","engineering+sales+image+GSC"
"DUP-0135","he","2","/he/products/western-petroleum-cathode-gasket/","/he/products/western-petroleum-cathode-gasket/","ecf30a9fa1aee38ff876d6d0ddf8b2870dbbdeb886d6a160558017b8a69ab310","candidate_only_not_redirected","engineering+sales+image+GSC"
"DUP-0136","sl","2","/sl/products/anode-gasket-5/","/sl/products/anode-gasket-5/","f3ffc21e525cfc44a10f57c35e13204b1692cea9324e62dcb401c7ebf385b39e","candidate_only_not_redirected","engineering+sales+image+GSC"
"DUP-0136","sl","2","/sl/products/anode-gasket-5/","/sl/products/cathode-gasket-5/","f3ffc21e525cfc44a10f57c35e13204b1692cea9324e62dcb401c7ebf385b39e","candidate_only_not_redirected","engineering+sales+image+GSC"
"DUP-0137","uk","2","/uk/products/anode-gasket-6/","/uk/products/anode-gasket-6/","f5143ed01b9cc91d4cebb4032792a2eb25b828d42e458664198bc7f3a79d007d","candidate_only_not_redirected","engineering+sales+image+GSC"
"DUP-0137","uk","2","/uk/products/anode-gasket-6/","/uk/products/cathode-gasket-6/","f5143ed01b9cc91d4cebb4032792a2eb25b828d42e458664198bc7f3a79d007d","candidate_only_not_redirected","engineering+sales+image+GSC"
"DUP-0138","tg","2","/tg/products/custom-gasket/","/tg/products/custom-gasket/","fae0698dfff7942e09953cc7250a2d0accc9bbfee395cedb95c05e5f2a1b52e4","candidate_only_not_redirected","engineering+sales+image+GSC"
"DUP-0138","tg","2","/tg/products/custom-gasket/","/tg/products/rubber-gasket/","fae0698dfff7942e09953cc7250a2d0accc9bbfee395cedb95c05e5f2a1b52e4","candidate_only_not_redirected","engineering+sales+image+GSC"
"DUP-0139","hr","2","/hr/products/western-petroleum-cathode-gasket/","/hr/products/western-petroleum-anode-gasket-2/","fcc3415be0749f25303fe037deb1414d624642b95a03f9c540db0684574022d4","candidate_only_not_redirected","engineering+sales+image+GSC"
"DUP-0139","hr","2","/hr/products/western-petroleum-cathode-gasket/","/hr/products/western-petroleum-cathode-gasket/","fcc3415be0749f25303fe037deb1414d624642b95a03f9c540db0684574022d4","candidate_only_not_redirected","engineering+sales+image+GSC"
