"language","layer","url","local_html","sitemap","inspection_status","last_crawl","discovery_source","declared_canonical","google_selected_canonical","evidence_date","blocker"
"en","home","https://www.metatecnocq.com/en/","true","true","not_inspected","","","https://www.metatecnocq.com/en/","","2026-08-10","Target GSC property could not be opened"
"en","category","https://www.metatecnocq.com/en/products/chlor-alkali-electrolyzer-gaskets/","true","true","not_inspected","","","https://www.metatecnocq.com/en/products/chlor-alkali-electrolyzer-gaskets/","","2026-08-10","Target GSC property could not be opened"
"en","custom_quote","https://www.metatecnocq.com/en/products/custom-gasket/","true","true","not_inspected","","","https://www.metatecnocq.com/en/products/custom-gasket/","","2026-08-10","Target GSC property could not be opened"
"en","service","https://www.metatecnocq.com/en/services/electrolyzer-cell-repair/","true","true","not_inspected","","","https://www.metatecnocq.com/en/services/electrolyzer-cell-repair/","","2026-08-10","Target GSC property could not be opened"
"en","ptfe_hose","https://www.metatecnocq.com/en/products/ptfe-hose-assemblies/","true","true","not_inspected","","","https://www.metatecnocq.com/en/products/ptfe-hose-assemblies/","","2026-08-10","Target GSC property could not be opened"
"es","home","https://www.metatecnocq.com/es/","true","true","not_inspected","","","https://www.metatecnocq.com/es/","","2026-08-10","Target GSC property could not be opened"
"es","custom_quote","https://www.metatecnocq.com/es/products/custom-gasket/","true","false","not_inspected","","","https://www.metatecnocq.com/es/products/custom-gasket/","","2026-08-10","Target GSC property could not be opened"
"es","service","https://www.metatecnocq.com/es/services/electrolyzer-cell-repair/","true","true","not_inspected","","","https://www.metatecnocq.com/es/services/electrolyzer-cell-repair/","","2026-08-10","Target GSC property could not be opened"
"es","ptfe_hose","https://www.metatecnocq.com/es/products/fluoroplastic-hose/","true","true","not_inspected","","","https://www.metatecnocq.com/es/products/fluoroplastic-hose/","","2026-08-10","Target GSC property could not be opened"
"fr","home","https://www.metatecnocq.com/fr/","true","true","not_inspected","","","https://www.metatecnocq.com/fr/","","2026-08-10","Target GSC property could not be opened"
"fr","custom_quote","https://www.metatecnocq.com/fr/products/custom-gasket/","true","false","not_inspected","","","https://www.metatecnocq.com/fr/products/custom-gasket/","","2026-08-10","Target GSC property could not be opened"
"fr","service","https://www.metatecnocq.com/fr/services/electrolyzer-cell-repair/","true","true","not_inspected","","","https://www.metatecnocq.com/fr/services/electrolyzer-cell-repair/","","2026-08-10","Target GSC property could not be opened"
"fr","ptfe_hose","https://www.metatecnocq.com/fr/products/fluoroplastic-hose/","true","true","not_inspected","","","https://www.metatecnocq.com/fr/products/fluoroplastic-hose/","","2026-08-10","Target GSC property could not be opened"
"ru","home","https://www.metatecnocq.com/ru/","true","true","not_inspected","","","https://www.metatecnocq.com/ru/","","2026-08-10","Target GSC property could not be opened"
"ru","custom_quote","https://www.metatecnocq.com/ru/products/custom-gasket/","true","false","not_inspected","","","https://www.metatecnocq.com/ru/products/custom-gasket/","","2026-08-10","Target GSC property could not be opened"
"ru","service","https://www.metatecnocq.com/ru/services/electrolyzer-cell-repair/","true","true","not_inspected","","","https://www.metatecnocq.com/ru/services/electrolyzer-cell-repair/","","2026-08-10","Target GSC property could not be opened"
"ru","ptfe_hose","https://www.metatecnocq.com/ru/products/fluoroplastic-hose/","true","true","not_inspected","","","https://www.metatecnocq.com/ru/products/fluoroplastic-hose/","","2026-08-10","Target GSC property could not be opened"
"pt","home","https://www.metatecnocq.com/pt/","true","false","not_inspected","","","https://www.metatecnocq.com/pt/","","2026-08-10","Target GSC property could not be opened"
"pt","service","https://www.metatecnocq.com/pt/services/electrolyzer-cell-repair/","false","true","not_inspected","","","","","2026-08-10","Target GSC property unavailable; local/deployed inventory diverges"
"pt","cell","https://www.metatecnocq.com/pt/electrolyzer-cells/","false","true","not_inspected","","","","","2026-08-10","Target GSC property unavailable; local/deployed inventory diverges"
"ar","home_gap","https://www.metatecnocq.com/ar/","false","false","not_inspected","","","","","2026-08-10","Arabic canonical page does not exist and target GSC property could not be opened"
"ar","custom_quote_gap","https://www.metatecnocq.com/ar/products/custom-gasket/","false","false","not_inspected","","","","","2026-08-10","Arabic canonical page does not exist and target GSC property could not be opened"
"ar","service_gap","https://www.metatecnocq.com/ar/services/electrolyzer-cell-repair/","false","false","not_inspected","","","","","2026-08-10","Arabic canonical page does not exist and target GSC property could not be opened"
"ar","ptfe_hose_gap","https://www.metatecnocq.com/ar/products/ptfe-hose/","false","false","not_inspected","","","","","2026-08-10","Arabic canonical page does not exist and target GSC property could not be opened"
