"language","purchase_task","query","target_url","current_coverage","competitor_1","competitor_2","competitor_3","serp_match_quality","gsc_evidence","evidence_date","confidence","counterevidence"
"en","model replacement and retrofit","electrolyzer gasket manufacturer UHDE Asahi Kasei DD350","https://www.metatecnocq.com/en/products/chlor-alkali-electrolyzer-gaskets/","dedicated local page; sitemap included","https://www.manfrefiltration.com/chlor-alkali-electrolyzer-gasket-product/","https://phoenix-engineers.com/cathode-anode.htm","https://www.ineos.com/businesses/ineos-electrochemical-solutions/","high","unavailable","2026-08-10","medium","Visible SERP fit does not prove demand or ranking; GSC query evidence unavailable"
"en","drawing quote and material choice","custom PTFE gasket drawing quotation manufacturer","https://www.metatecnocq.com/en/products/custom-gasket/","dedicated local page; sitemap included","https://aftubes.com/","https://www.kxtseal.cn/ptfe-hose","https://www.manfrefiltration.com/chlor-alkali-electrolyzer-gasket-product/","medium","unavailable","2026-08-10","low","Results mix custom fluoropolymer and sealing suppliers; exact electrolyzer intent is narrower"
"en","leak corrosion and hose replacement","PTFE lined hose chemical manufacturer","https://www.metatecnocq.com/en/products/ptfe-hose-assemblies/","dedicated local page; sitemap included","https://aftubes.com/","https://flexihoseindia.com/ptfe-hose/","https://www.xtraflex.co.uk/","high","unavailable","2026-08-10","high","No volume or buyer geography evidence is available"
"es","model replacement and retrofit","fabricante juntas electrolizador cloro álcali","https://www.metatecnocq.com/es/products/electrolyzer-seals/","localized page exists; exact SERP evidence weak","https://www.ineos.com/es/businesses/ineos-electrochemical-solutions/","https://www.manfrefiltration.com/chlor-alkali-electrolyzer-gasket-product/","https://phoenix-engineers.com/cathode-anode.htm","low","unavailable","2026-08-10","low","Search results did not show three strong Spanish-language gasket specialists"
"es","drawing quote and material choice","juntas PTFE a medida plano cotización fabricante","https://www.metatecnocq.com/es/products/custom-gasket/","localized page exists but omitted from sitemap","https://www.coraci.es/juntas-ptfe/","https://www.rallyprecision.com/es/mecanizado-de-ptfe/","https://www.merefsa.com/es/productos/ptfe-politetrafluoretileno_kgr/juntas-planas-de-ptfe-expandido_pid77.html","high","unavailable","2026-08-10","high","General PTFE custom work may not map to chlor-alkali qualification"
"es","leak corrosion and hose replacement","manguera PTFE corrugada química fabricante","https://www.metatecnocq.com/es/products/fluoroplastic-hose/","localized page; sitemap included","https://www.pathel.com/es/productos/mangueras-tecnicas/","https://www.besteflon.com/es/ptfe-convoluted-hose-flexible-sae-100r14-for-chemical-transfer-besteflon-product/","https://products.swagelok.com/es/todos-los-productos/manguera-y-tubo-flexible/","high","unavailable","2026-08-10","high","SERP suppliers include distributors and broad industrial brands"
"pt","model replacement and retrofit","fabricante juntas eletrolisador cloro álcali","https://www.metatecnocq.com/pt/","homepage only; not in sitemap","https://www.ineos.com/pt-BR/negocios/ineos-electrochemical-solutions/eletrolisadores/eletrolisador-de-bichlor/","https://www.alfalaval.com.br/industrias/quimica/quimicos-inorganicos/producao-de-cloro-e-alcalis/","https://www.gemu-group.com/","low","unavailable","2026-08-10","low","Results are mainly equipment/process vendors rather than replacement gasket manufacturers"
"pt","drawing quote and material choice","junta PTFE sob medida desenho cotação fabricante","proposed:https://www.metatecnocq.com/pt/products/custom-gasket/","missing dedicated page","https://polifluor.com.br/","https://www.coraci.es/juntas-ptfe/","https://www.merefsa.com/","low","unavailable","2026-08-10","low","Only one strong Portuguese-language manufacturer result was observed"
"pt","leak corrosion and hose replacement","mangueira PTFE indústria química fabricante","proposed:https://www.metatecnocq.com/pt/products/ptfe-hose/","missing dedicated local page","https://polifluor.com.br/mangueiras-e-tubos/","https://shop.hansa-flex.com.br/pt_BR/industrial-hoses/mangueiras-industriais/mangueiras-de-ptfe/afw-040/p/AFW040","https://www.besteflon.com/pt/","medium","unavailable","2026-08-10","medium","The third result is a cross-market supplier and needs manual locale verification"
"fr","model replacement and retrofit","fabricant joints électrolyseur chlore alcali","https://www.metatecnocq.com/fr/products/electrolyzer-seals/","localized page exists; exact competitor set weak","https://www.ineos.com/fr/businesses/INEOS-Electrochemical-Solutions/electrolyseurs/electrolyseur-de-bichlore/","https://r2.ca/fr/solutions/","https://www.manfrefiltration.com/chlor-alkali-electrolyzer-gasket-product/","low","unavailable","2026-08-10","low","No three exact French gasket specialists were visible"
"fr","drawing quote and material choice","joint PTFE sur mesure plan devis fabricant","https://www.metatecnocq.com/fr/products/custom-gasket/","localized page exists but omitted from sitemap","https://www.merefsa.com/","https://www.coraci.es/juntas-ptfe/","https://www.speciflex-industrie.com/","low","unavailable","2026-08-10","low","Results span general PTFE products and flexible hoses, not only gaskets"
"fr","leak corrosion and hose replacement","flexible PTFE industrie chimique fabricant","https://www.metatecnocq.com/fr/products/fluoroplastic-hose/","localized page; sitemap included","https://www.tubflex.com/applications-par-secteur/petrochimie/","https://www.speciflex-industrie.com/flexible-ptfe","https://jetflex.fr/flexibles-ptfe/","high","unavailable","2026-08-10","high","SERP evidence does not establish Metatecno relevance for France"
"ru","model replacement and retrofit","производитель прокладок электролизера хлор щелочь","https://www.metatecnocq.com/ru/products/electrolyzer-seals/","localized page exists; exact SERP evidence weak","https://phoenix-engineers.com/cathode-anode.htm","https://www.manfrefiltration.com/chlor-alkali-electrolyzer-gasket-product/","https://peflon.com/ru/","low","unavailable","2026-08-10","low","Visible Russian results favored generic gasket suppliers"
"ru","drawing quote and material choice","прокладка ПТФЭ по чертежу заказать производитель","https://www.metatecnocq.com/ru/products/custom-gasket/","localized page exists but omitted from sitemap","https://peflon.com/ru/%D1%82%D0%B5%D1%84%D0%BB%D0%BE%D0%BD%D0%BE%D0%B2%D0%B0%D1%8F-%D0%BF%D1%80%D0%BE%D0%BA%D0%BB%D0%B0%D0%B4%D0%BA%D0%B0/","https://rentgen.pro/prokladki-po-chertezham/","https://nt-tmg.ru/katalog/prokladki-ftoroplastovye/","high","unavailable","2026-08-10","high","Competitors are broad PTFE/custom gasket suppliers rather than chlor-alkali specialists"
"ru","leak corrosion and hose replacement","рукав PTFE химический производитель","https://www.metatecnocq.com/ru/products/fluoroplastic-hose/","localized page; sitemap included","https://tecsaflex.com/","https://rzmr.ru/ptfe/","https://rti-land.ru/catalog/rukava-vysokogo-davleniya/rukava-ptfe/","high","unavailable","2026-08-10","high","Results include local sellers as well as manufacturers"
"ar","model replacement and retrofit","مصنع جوانات محلل كهربائي كلور قلوي","proposed:https://www.metatecnocq.com/ar/products/electrolyzer-gaskets/","Arabic site absent","","","","none","unavailable","2026-08-10","high","No exact Arabic-language competitor result was observed; this is a real market/content gap"
"ar","drawing quote and material choice","حشية PTFE حسب الرسم عرض سعر مصنع","proposed:https://www.metatecnocq.com/ar/products/custom-gasket/","Arabic site absent","https://www.machiningptfe.com/ar/ptfe-tubing/","https://www.besteflon.com/ar/","https://www.yihao-ptfe.com/ar/pp-lined-pipe/","low","unavailable","2026-08-10","low","Observed Arabic results were hose/tube/lining pages, not exact custom gasket pages"
"ar","leak corrosion and hose replacement","خرطوم PTFE للصناعات الكيميائية مصنع","proposed:https://www.metatecnocq.com/ar/products/ptfe-hose/","Arabic site absent","https://www.besteflon.com/ar/","https://www.machiningptfe.com/ar/ptfe-tubing/","https://kingdaflex.com/ar/ptfe-hose/","high","unavailable","2026-08-10","medium","Arabic results may be machine-translated supplier pages; buyer-market fit is unverified"
