"priority","action","scope","north_star_effect","evidence","counterevidence","confidence","owner","verification"
"P0","Complete one GA4 property and replace the guarded Measurement ID","Google Analytics plus assets/analytics.js","Measure consented qualified inquiry journeys without PII","Production verifier fails only on G-REPLACE01; GA admin remained inaccessible","Code is coverage-complete but no collection can occur before a real ID is supplied","high","analytics owner","GA UI IDs recorded; default verifier green; DebugView shows one page_view and guarded generate_lead"
"P0","Reconcile local build sitemap and deployed URL inventory before publishing more pages","383 local canonicals plus 164 sitemap URLs","Concentrate crawl and reduce orphan or phantom procurement pages","116 local canonicals are in sitemap; 267 local canonicals are out; 48 sitemap URLs lack local canonical HTML","Some 48 URLs may exist only in the deployed build and 5 local omissions are deliberate thank-you noindex pages","high","web engineering","One approved canonical inventory labels every URL and regenerated sitemap matches it"
"P0","Restore or explicitly supply the referenced media tree in the deployable source","assets/media plus logo and favicon","Prevent broken proof images and trust loss on quotation pages","Local runtime returned 404 for referenced logo workshop product equipment and service images; assets contains six files only","Production crawl found 521 image references but did not verify pixels or prove 404 status for every asset","high","web engineering","Static asset checker returns 200 for every local img src/srcset/preload reference"
"P1","Build buyer-grade Portuguese pages and decide pt versus pt-BR targeting","Portuguese home product service quote and hose pages","Create qualified Portuguese procurement landing paths","Only one local Portuguese HTML page exists; /pt/ is omitted from sitemap while two PT sitemap URLs have no local HTML","Brazilian demand and preferred locale are not established because GSC is unavailable","high","content plus international SEO","Approved pt or pt-BR cluster has self-canonicals reciprocal hreflang sitemap inclusion and native review"
"P1","Build an Arabic RTL cluster only after market and native-language validation","Arabic home gasket custom quote retrofit and PTFE hose pages","Close a complete six-language demand and answerability gap","No local /ar/ page or sitemap URL exists; three Arabic purchase SERPs produced no exact chlor-alkali gasket competitor","Weak SERPs may signal limited demand rather than opportunity","high","content plus regional sales","Native review confirms terminology; dir=rtl; hreflang/canonical/sitemap and contact path validated"
"P1","Turn model and failure pages into evidence-led engineering answers","Six-language model replacement leakage corrosion material and retrofit templates","Increase answer extraction and pre-qualify inquiries","Bounded crawl GEO score 59; G001/G002/G006 repeatedly flag weak openings entity clarity and thin substance","Automated language heuristics require human review and can misread navigation-heavy pages","medium","engineering content","Each template states decision criteria operating limits required inputs inspection method evidence date and next action"
"P1","Resolve sitemap exclusions for localized commercial pages","Custom gasket and other indexable local canonicals","Expose high-intent pages selected for indexing","Spanish French and Russian custom-gasket pages exist but are absent from sitemap; 262 indexable local URLs are outside sitemap","Omission may be intentional if these pages are alternates or low-value near-duplicates","medium","SEO owner","Page-level keep/consolidate/exclude decision exists; sitemap contains only approved canonical indexable URLs"
"P2","Add structured data to the five German pages and normalize template depth","de/about de/contact de/products de/technology plus one German page without JSON-LD","Improve machine-readable organization/product/service context","Full static scan found exactly five pages without application/ld+json","Schema alone does not create trust and German is outside the six-language priority set","high","web engineering","Schema validator passes and visible content supports every property"
"P2","Consolidate or differentiate the 45 pages involved in duplicate titles","Templates identified by full static scan","Reduce ambiguous relevance and internal competition","45 page instances share duplicate title strings; canonical URLs themselves are unique","Some duplicates may be valid cross-language titles or numbered product-gallery pages","medium","SEO plus product owner","Every duplicate cluster has a keep merge canonicalize or rewrite decision backed by page purpose"
"P2","Calibrate the audit profile before treating automated findings as site defects","safe audit metatecno profile","Prevent remediation effort from targeting irrelevant concepts","M005 expects sandblasting/solar terminology; T006 compares explicit index.html fetches with slash canonicals","Other GEO and technical checks still expose valid patterns","high","audit maintainer","M005 is excluded without independent evidence and slash canonical checks follow redirect/normalized URL semantics"
