"rule_id","category","severity","status","url","title","evidence","recommendation","impact","confidence","human_review"
"G006","geo","High","fail","https://www.metatecnocq.com/be/index.html","组织、产品或服务实体不够明确","Title/H1/opening entity signal: false.","在标题、首段和结构化数据中一致说明品牌和产品实体。","增强实体识别。","medium","true"
"G006","geo","High","fail","https://www.metatecnocq.com/el/index.html","组织、产品或服务实体不够明确","Title/H1/opening entity signal: false.","在标题、首段和结构化数据中一致说明品牌和产品实体。","增强实体识别。","medium","true"
"G006","geo","High","fail","https://www.metatecnocq.com/en/contact/index.html","组织、产品或服务实体不够明确","Title/H1/opening entity signal: false.","在标题、首段和结构化数据中一致说明品牌和产品实体。","增强实体识别。","medium","true"
"G006","geo","High","fail","https://www.metatecnocq.com/en/products/index.html","组织、产品或服务实体不够明确","Title/H1/opening entity signal: false.","在标题、首段和结构化数据中一致说明品牌和产品实体。","增强实体识别。","medium","true"
"G006","geo","High","fail","https://www.metatecnocq.com/es/index.html","组织、产品或服务实体不够明确","Title/H1/opening entity signal: false.","在标题、首段和结构化数据中一致说明品牌和产品实体。","增强实体识别。","medium","true"
"G006","geo","High","fail","https://www.metatecnocq.com/fr/index.html","组织、产品或服务实体不够明确","Title/H1/opening entity signal: false.","在标题、首段和结构化数据中一致说明品牌和产品实体。","增强实体识别。","medium","true"
"G006","geo","High","fail","https://www.metatecnocq.com/hi/index.html","组织、产品或服务实体不够明确","Title/H1/opening entity signal: false.","在标题、首段和结构化数据中一致说明品牌和产品实体。","增强实体识别。","medium","true"
"G006","geo","High","fail","https://www.metatecnocq.com/hr/index.html","组织、产品或服务实体不够明确","Title/H1/opening entity signal: false.","在标题、首段和结构化数据中一致说明品牌和产品实体。","增强实体识别。","medium","true"
"G006","geo","High","fail","https://www.metatecnocq.com/id/index.html","组织、产品或服务实体不够明确","Title/H1/opening entity signal: false.","在标题、首段和结构化数据中一致说明品牌和产品实体。","增强实体识别。","medium","true"
"G006","geo","High","fail","https://www.metatecnocq.com/it/index.html","组织、产品或服务实体不够明确","Title/H1/opening entity signal: false.","在标题、首段和结构化数据中一致说明品牌和产品实体。","增强实体识别。","medium","true"
"G006","geo","High","fail","https://www.metatecnocq.com/ja/index.html","组织、产品或服务实体不够明确","Title/H1/opening entity signal: false.","在标题、首段和结构化数据中一致说明品牌和产品实体。","增强实体识别。","medium","true"
"G006","geo","High","fail","https://www.metatecnocq.com/kk/index.html","组织、产品或服务实体不够明确","Title/H1/opening entity signal: false.","在标题、首段和结构化数据中一致说明品牌和产品实体。","增强实体识别。","medium","true"
"G006","geo","High","fail","https://www.metatecnocq.com/ko-kp/index.html","组织、产品或服务实体不够明确","Title/H1/opening entity signal: false.","在标题、首段和结构化数据中一致说明品牌和产品实体。","增强实体识别。","medium","true"
"G006","geo","High","fail","https://www.metatecnocq.com/ko/index.html","组织、产品或服务实体不够明确","Title/H1/opening entity signal: false.","在标题、首段和结构化数据中一致说明品牌和产品实体。","增强实体识别。","medium","true"
"G006","geo","High","fail","https://www.metatecnocq.com/ky/index.html","组织、产品或服务实体不够明确","Title/H1/opening entity signal: false.","在标题、首段和结构化数据中一致说明品牌和产品实体。","增强实体识别。","medium","true"
"G006","geo","High","fail","https://www.metatecnocq.com/lb/index.html","组织、产品或服务实体不够明确","Title/H1/opening entity signal: false.","在标题、首段和结构化数据中一致说明品牌和产品实体。","增强实体识别。","medium","true"
"G006","geo","High","fail","https://www.metatecnocq.com/ms/index.html","组织、产品或服务实体不够明确","Title/H1/opening entity signal: false.","在标题、首段和结构化数据中一致说明品牌和产品实体。","增强实体识别。","medium","true"
"G006","geo","High","fail","https://www.metatecnocq.com/nl/index.html","组织、产品或服务实体不够明确","Title/H1/opening entity signal: false.","在标题、首段和结构化数据中一致说明品牌和产品实体。","增强实体识别。","medium","true"
"G006","geo","High","fail","https://www.metatecnocq.com/pt/index.html","组织、产品或服务实体不够明确","Title/H1/opening entity signal: false.","在标题、首段和结构化数据中一致说明品牌和产品实体。","增强实体识别。","medium","true"
"G006","geo","High","fail","https://www.metatecnocq.com/tg/index.html","组织、产品或服务实体不够明确","Title/H1/opening entity signal: false.","在标题、首段和结构化数据中一致说明品牌和产品实体。","增强实体识别。","medium","true"
"G006","geo","High","fail","https://www.metatecnocq.com/th/index.html","组织、产品或服务实体不够明确","Title/H1/opening entity signal: false.","在标题、首段和结构化数据中一致说明品牌和产品实体。","增强实体识别。","medium","true"
"G006","geo","High","fail","https://www.metatecnocq.com/tk/index.html","组织、产品或服务实体不够明确","Title/H1/opening entity signal: false.","在标题、首段和结构化数据中一致说明品牌和产品实体。","增强实体识别。","medium","true"
"G006","geo","High","fail","https://www.metatecnocq.com/tr/index.html","组织、产品或服务实体不够明确","Title/H1/opening entity signal: false.","在标题、首段和结构化数据中一致说明品牌和产品实体。","增强实体识别。","medium","true"
"G006","geo","High","fail","https://www.metatecnocq.com/uz/index.html","组织、产品或服务实体不够明确","Title/H1/opening entity signal: false.","在标题、首段和结构化数据中一致说明品牌和产品实体。","增强实体识别。","medium","true"
"G006","geo","High","fail","https://www.metatecnocq.com/vi/index.html","组织、产品或服务实体不够明确","Title/H1/opening entity signal: false.","在标题、首段和结构化数据中一致说明品牌和产品实体。","增强实体识别。","medium","true"
"M003","metatecno","High","fail","https://www.metatecnocq.com/","六语 Hreflang 覆盖不完整","Missing language annotations: es-419, pt-br, ar","补齐 en、es-419、pt-BR、fr、ru、ar 和 x-default。","完善国际语言信号。","high","true"
"M006","metatecno","High","fail","https://www.metatecnocq.com/pt/index.html","URL、lang、hreflang 或 RTL 不一致","URL language: pt-br; html lang: pt; dir: ltr.","统一语言目录、HTML lang、hreflang 和阿语 RTL。","改善语言匹配。","high","false"
"T006","technical","High","fail","https://www.metatecnocq.com/be/index.html","Canonical 缺失或不一致","Canonical: https://www.metatecnocq.com/be/; final URL: https://www.metatecnocq.com/be/index.html","添加一个指向当前规范 URL 的自引用 canonical。","减少规范化歧义。","high","false"
"T006","technical","High","fail","https://www.metatecnocq.com/el/index.html","Canonical 缺失或不一致","Canonical: https://www.metatecnocq.com/el/; final URL: https://www.metatecnocq.com/el/index.html","添加一个指向当前规范 URL 的自引用 canonical。","减少规范化歧义。","high","false"
"T006","technical","High","fail","https://www.metatecnocq.com/en/about/index.html","Canonical 缺失或不一致","Canonical: https://www.metatecnocq.com/en/about/; final URL: https://www.metatecnocq.com/en/about/index.html","添加一个指向当前规范 URL 的自引用 canonical。","减少规范化歧义。","high","false"
"T006","technical","High","fail","https://www.metatecnocq.com/en/contact/index.html","Canonical 缺失或不一致","Canonical: https://www.metatecnocq.com/en/contact/; final URL: https://www.metatecnocq.com/en/contact/index.html","添加一个指向当前规范 URL 的自引用 canonical。","减少规范化歧义。","high","false"
"T006","technical","High","fail","https://www.metatecnocq.com/en/index.html","Canonical 缺失或不一致","Canonical: https://www.metatecnocq.com/en/; final URL: https://www.metatecnocq.com/en/index.html","添加一个指向当前规范 URL 的自引用 canonical。","减少规范化歧义。","high","false"
"T006","technical","High","fail","https://www.metatecnocq.com/en/products/index.html","Canonical 缺失或不一致","Canonical: https://www.metatecnocq.com/en/products/; final URL: https://www.metatecnocq.com/en/products/index.html","添加一个指向当前规范 URL 的自引用 canonical。","减少规范化歧义。","high","false"
"T006","technical","High","fail","https://www.metatecnocq.com/en/technology/index.html","Canonical 缺失或不一致","Canonical: https://www.metatecnocq.com/en/technology/; final URL: https://www.metatecnocq.com/en/technology/index.html","添加一个指向当前规范 URL 的自引用 canonical。","减少规范化歧义。","high","false"
"T006","technical","High","fail","https://www.metatecnocq.com/es/index.html","Canonical 缺失或不一致","Canonical: https://www.metatecnocq.com/es/; final URL: https://www.metatecnocq.com/es/index.html","添加一个指向当前规范 URL 的自引用 canonical。","减少规范化歧义。","high","false"
"T006","technical","High","fail","https://www.metatecnocq.com/fr/index.html","Canonical 缺失或不一致","Canonical: https://www.metatecnocq.com/fr/; final URL: https://www.metatecnocq.com/fr/index.html","添加一个指向当前规范 URL 的自引用 canonical。","减少规范化歧义。","high","false"
"T006","technical","High","fail","https://www.metatecnocq.com/hi/index.html","Canonical 缺失或不一致","Canonical: https://www.metatecnocq.com/hi/; final URL: https://www.metatecnocq.com/hi/index.html","添加一个指向当前规范 URL 的自引用 canonical。","减少规范化歧义。","high","false"
"T006","technical","High","fail","https://www.metatecnocq.com/hr/index.html","Canonical 缺失或不一致","Canonical: https://www.metatecnocq.com/hr/; final URL: https://www.metatecnocq.com/hr/index.html","添加一个指向当前规范 URL 的自引用 canonical。","减少规范化歧义。","high","false"
"T006","technical","High","fail","https://www.metatecnocq.com/id/index.html","Canonical 缺失或不一致","Canonical: https://www.metatecnocq.com/id/; final URL: https://www.metatecnocq.com/id/index.html","添加一个指向当前规范 URL 的自引用 canonical。","减少规范化歧义。","high","false"
"T006","technical","High","fail","https://www.metatecnocq.com/it/index.html","Canonical 缺失或不一致","Canonical: https://www.metatecnocq.com/it/; final URL: https://www.metatecnocq.com/it/index.html","添加一个指向当前规范 URL 的自引用 canonical。","减少规范化歧义。","high","false"
"T006","technical","High","fail","https://www.metatecnocq.com/ja/index.html","Canonical 缺失或不一致","Canonical: https://www.metatecnocq.com/ja/; final URL: https://www.metatecnocq.com/ja/index.html","添加一个指向当前规范 URL 的自引用 canonical。","减少规范化歧义。","high","false"
"T006","technical","High","fail","https://www.metatecnocq.com/kk/index.html","Canonical 缺失或不一致","Canonical: https://www.metatecnocq.com/kk/; final URL: https://www.metatecnocq.com/kk/index.html","添加一个指向当前规范 URL 的自引用 canonical。","减少规范化歧义。","high","false"
"T006","technical","High","fail","https://www.metatecnocq.com/ko-kp/index.html","Canonical 缺失或不一致","Canonical: https://www.metatecnocq.com/ko-kp/; final URL: https://www.metatecnocq.com/ko-kp/index.html","添加一个指向当前规范 URL 的自引用 canonical。","减少规范化歧义。","high","false"
"T006","technical","High","fail","https://www.metatecnocq.com/ko/index.html","Canonical 缺失或不一致","Canonical: https://www.metatecnocq.com/ko/; final URL: https://www.metatecnocq.com/ko/index.html","添加一个指向当前规范 URL 的自引用 canonical。","减少规范化歧义。","high","false"
"T006","technical","High","fail","https://www.metatecnocq.com/ky/index.html","Canonical 缺失或不一致","Canonical: https://www.metatecnocq.com/ky/; final URL: https://www.metatecnocq.com/ky/index.html","添加一个指向当前规范 URL 的自引用 canonical。","减少规范化歧义。","high","false"
"T006","technical","High","fail","https://www.metatecnocq.com/lb/index.html","Canonical 缺失或不一致","Canonical: https://www.metatecnocq.com/lb/; final URL: https://www.metatecnocq.com/lb/index.html","添加一个指向当前规范 URL 的自引用 canonical。","减少规范化歧义。","high","false"
"T006","technical","High","fail","https://www.metatecnocq.com/ms/index.html","Canonical 缺失或不一致","Canonical: https://www.metatecnocq.com/ms/; final URL: https://www.metatecnocq.com/ms/index.html","添加一个指向当前规范 URL 的自引用 canonical。","减少规范化歧义。","high","false"
"T006","technical","High","fail","https://www.metatecnocq.com/nl/index.html","Canonical 缺失或不一致","Canonical: https://www.metatecnocq.com/nl/; final URL: https://www.metatecnocq.com/nl/index.html","添加一个指向当前规范 URL 的自引用 canonical。","减少规范化歧义。","high","false"
"T006","technical","High","fail","https://www.metatecnocq.com/pt/index.html","Canonical 缺失或不一致","Canonical: https://www.metatecnocq.com/pt/; final URL: https://www.metatecnocq.com/pt/index.html","添加一个指向当前规范 URL 的自引用 canonical。","减少规范化歧义。","high","false"
"T006","technical","High","fail","https://www.metatecnocq.com/ru/index.html","Canonical 缺失或不一致","Canonical: https://www.metatecnocq.com/ru/; final URL: https://www.metatecnocq.com/ru/index.html","添加一个指向当前规范 URL 的自引用 canonical。","减少规范化歧义。","high","false"
"T006","technical","High","fail","https://www.metatecnocq.com/tg/index.html","Canonical 缺失或不一致","Canonical: https://www.metatecnocq.com/tg/; final URL: https://www.metatecnocq.com/tg/index.html","添加一个指向当前规范 URL 的自引用 canonical。","减少规范化歧义。","high","false"
"T006","technical","High","fail","https://www.metatecnocq.com/th/index.html","Canonical 缺失或不一致","Canonical: https://www.metatecnocq.com/th/; final URL: https://www.metatecnocq.com/th/index.html","添加一个指向当前规范 URL 的自引用 canonical。","减少规范化歧义。","high","false"
"T006","technical","High","fail","https://www.metatecnocq.com/tk/index.html","Canonical 缺失或不一致","Canonical: https://www.metatecnocq.com/tk/; final URL: https://www.metatecnocq.com/tk/index.html","添加一个指向当前规范 URL 的自引用 canonical。","减少规范化歧义。","high","false"
"T006","technical","High","fail","https://www.metatecnocq.com/tr/index.html","Canonical 缺失或不一致","Canonical: https://www.metatecnocq.com/tr/; final URL: https://www.metatecnocq.com/tr/index.html","添加一个指向当前规范 URL 的自引用 canonical。","减少规范化歧义。","high","false"
"T006","technical","High","fail","https://www.metatecnocq.com/uz/index.html","Canonical 缺失或不一致","Canonical: https://www.metatecnocq.com/uz/; final URL: https://www.metatecnocq.com/uz/index.html","添加一个指向当前规范 URL 的自引用 canonical。","减少规范化歧义。","high","false"
"T006","technical","High","fail","https://www.metatecnocq.com/vi/index.html","Canonical 缺失或不一致","Canonical: https://www.metatecnocq.com/vi/; final URL: https://www.metatecnocq.com/vi/index.html","添加一个指向当前规范 URL 的自引用 canonical。","减少规范化歧义。","high","false"
"G001","geo","Medium","warn","https://www.metatecnocq.com/be/index.html","开头缺少直接答案或价值说明","Opening excerpt: Пракладкі электралізёраў і фтарапластавыя вырабы | Metatecno Беларуская Англійская Русский Français 日本語 Беларуская Español Português Tiếng Việt ไทย Türkçe Bahasa Indonesia हिन्दी 한국어 Italiano 조선말 Bahasa Melayu Қазақша O'zbe","在首段直接说明产品、适用对象、能力和下一步。","提高答案可提取性。","medium","true"
"G001","geo","Medium","warn","https://www.metatecnocq.com/el/index.html","开头缺少直接答案或价值说明","Opening excerpt: Παρεμβύσματα ηλεκτρολυτών και φθοριοπλαστικά προϊόντα | Metatecno Ελληνικά Αγγλικά Русский Français 日本語 Беларуская Español Português Tiếng Việt ไทย Türkçe Bahasa Indonesia हिन्दी 한국어 Italiano 조선말 Bahasa Melayu Қазақша O'zbe","在首段直接说明产品、适用对象、能力和下一步。","提高答案可提取性。","medium","true"
"G001","geo","Medium","warn","https://www.metatecnocq.com/en/contact/index.html","开头缺少直接答案或价值说明","Opening excerpt: Contact Us | Metatecno English English Русский Français 日本語 Беларуская Español Português Tiếng Việt ไทย Türkçe Bahasa Indonesia हिन्दी 한국어 Italiano 조선말 Bahasa Melayu Қазақша O'zbek Türkmen Кыргызча Тоҷикӣ Nederlands Lëtzebu","在首段直接说明产品、适用对象、能力和下一步。","提高答案可提取性。","medium","true"
"G001","geo","Medium","warn","https://www.metatecnocq.com/en/products/index.html","开头缺少直接答案或价值说明","Opening excerpt: Products | Metatecno English English Русский Français 日本語 Беларуская Español Português Tiếng Việt ไทย Türkçe Bahasa Indonesia हिन्दी 한국어 Italiano 조선말 Bahasa Melayu Қазақша O'zbek Türkmen Кыргызча Тоҷикӣ Nederlands Lëtzebuer","在首段直接说明产品、适用对象、能力和下一步。","提高答案可提取性。","medium","true"
"G001","geo","Medium","warn","https://www.metatecnocq.com/hi/index.html","开头缺少直接答案或价值说明","Opening excerpt: इलेक्ट्रोलाइज़र गैस्केट और फ्लोरोप्लास्टिक उत्पाद | Metatecno हिन्दी अंग्रेज़ी Русский Français 日本語 Беларуская Español Português Tiếng Việt ไทย Türkçe Bahasa Indonesia हिन्दी 한국어 Italiano 조선말 Bahasa Melayu Қазақша O'zbek Tü","在首段直接说明产品、适用对象、能力和下一步。","提高答案可提取性。","medium","true"
"G001","geo","Medium","warn","https://www.metatecnocq.com/hr/index.html","开头缺少直接答案或价值说明","Opening excerpt: Brtve za elektrolizere i fluoroplastični proizvodi | Metatecno Hrvatski Engleski Русский Français 日本語 Беларуская Español Português Tiếng Việt ไทย Türkçe Bahasa Indonesia हिन्दी 한국어 Italiano 조선말 Bahasa Melayu Қазақша O'zbek ","在首段直接说明产品、适用对象、能力和下一步。","提高答案可提取性。","medium","true"
"G001","geo","Medium","warn","https://www.metatecnocq.com/id/index.html","开头缺少直接答案或价值说明","Opening excerpt: Gasket elektroliser dan produk fluoroplastik | Metatecno Bahasa Indonesia Bahasa Inggris Русский Français 日本語 Беларуская Español Português Tiếng Việt ไทย Türkçe Bahasa Indonesia हिन्दी 한국어 Italiano 조선말 Bahasa Melayu Қазақша","在首段直接说明产品、适用对象、能力和下一步。","提高答案可提取性。","medium","true"
"G001","geo","Medium","warn","https://www.metatecnocq.com/it/index.html","开头缺少直接答案或价值说明","Opening excerpt: Guarnizioni per elettrolizzatori e prodotti fluoroplastici | Metatecno Italiano Inglese Русский Français 日本語 Беларуская Español Português Tiếng Việt ไทย Türkçe Bahasa Indonesia हिन्दी 한국어 Italiano 조선말 Bahasa Melayu Қазақша ","在首段直接说明产品、适用对象、能力和下一步。","提高答案可提取性。","medium","true"
"G001","geo","Medium","warn","https://www.metatecnocq.com/ja/index.html","开头缺少直接答案或价值说明","Opening excerpt: 電解槽ガスケットとフッ素樹脂製品 | Metatecno 日本語 英語 Русский Français 日本語 Беларуская Español Português Tiếng Việt ไทย Türkçe Bahasa Indonesia हिन्दी 한국어 Italiano 조선말 Bahasa Melayu Қазақша O'zbek Türkmen Кыргызча Тоҷикӣ Nederlands Lëtzebuerg","在首段直接说明产品、适用对象、能力和下一步。","提高答案可提取性。","medium","true"
"G001","geo","Medium","warn","https://www.metatecnocq.com/kk/index.html","开头缺少直接答案或价值说明","Opening excerpt: Электролизер төсемдері және фторпласт өнімдері | Metatecno Қазақша Ағылшын Русский Français 日本語 Беларуская Español Português Tiếng Việt ไทย Türkçe Bahasa Indonesia हिन्दी 한국어 Italiano 조선말 Bahasa Melayu Қазақша O'zbek Türkme","在首段直接说明产品、适用对象、能力和下一步。","提高答案可提取性。","medium","true"
"G001","geo","Medium","warn","https://www.metatecnocq.com/ko-kp/index.html","开头缺少直接答案或价值说明","Opening excerpt: 전해조 가스켓 및 불소수지 제품 | Metatecno 조선말 영어 Русский Français 日本語 Беларуская Español Português Tiếng Việt ไทย Türkçe Bahasa Indonesia हिन्दी 한국어 Italiano 조선말 Bahasa Melayu Қазақша O'zbek Türkmen Кыргызча Тоҷикӣ Nederlands Lëtzebuer","在首段直接说明产品、适用对象、能力和下一步。","提高答案可提取性。","medium","true"
"G001","geo","Medium","warn","https://www.metatecnocq.com/ko/index.html","开头缺少直接答案或价值说明","Opening excerpt: 전해조 가스켓 및 불소수지 제품 | Metatecno 한국어 영어 Русский Français 日本語 Беларуская Español Português Tiếng Việt ไทย Türkçe Bahasa Indonesia हिन्दी 한국어 Italiano 조선말 Bahasa Melayu Қазақша O'zbek Türkmen Кыргызча Тоҷикӣ Nederlands Lëtzebuer","在首段直接说明产品、适用对象、能力和下一步。","提高答案可提取性。","medium","true"
"G001","geo","Medium","warn","https://www.metatecnocq.com/ky/index.html","开头缺少直接答案或价值说明","Opening excerpt: Электролизер прокладкалары жана фторпласт буюмдары | Metatecno Кыргызча Англисче Русский Français 日本語 Беларуская Español Português Tiếng Việt ไทย Türkçe Bahasa Indonesia हिन्दी 한국어 Italiano 조선말 Bahasa Melayu Қазақша O'zbek ","在首段直接说明产品、适用对象、能力和下一步。","提高答案可提取性。","medium","true"
"G001","geo","Medium","warn","https://www.metatecnocq.com/ms/index.html","开头缺少直接答案或价值说明","Opening excerpt: Gasket elektroliser dan produk fluoroplastik | Metatecno Bahasa Melayu Bahasa Inggeris Русский Français 日本語 Беларуская Español Português Tiếng Việt ไทย Türkçe Bahasa Indonesia हिन्दी 한국어 Italiano 조선말 Bahasa Melayu Қазақша O","在首段直接说明产品、适用对象、能力和下一步。","提高答案可提取性。","medium","true"
"G001","geo","Medium","warn","https://www.metatecnocq.com/ru/index.html","开头缺少直接答案或价值说明","Opening excerpt: Прокладки электролизёров и фторопластовые изделия | Metatecno Русский Английский Русский Français 日本語 Беларуская Español Português Tiếng Việt ไทย Türkçe Bahasa Indonesia हिन्दी 한국어 Italiano 조선말 Bahasa Melayu Қазақша O'zbek ","在首段直接说明产品、适用对象、能力和下一步。","提高答案可提取性。","medium","true"
"G001","geo","Medium","warn","https://www.metatecnocq.com/tg/index.html","开头缺少直接答案或价值说明","Opening excerpt: Прокладкаҳои электролизёр ва маҳсулоти фторпласт | Metatecno Тоҷикӣ Англисӣ Русский Français 日本語 Беларуская Español Português Tiếng Việt ไทย Türkçe Bahasa Indonesia हिन्दी 한국어 Italiano 조선말 Bahasa Melayu Қазақша O'zbek Türkm","在首段直接说明产品、适用对象、能力和下一步。","提高答案可提取性。","medium","true"
"G001","geo","Medium","warn","https://www.metatecnocq.com/th/index.html","开头缺少直接答案或价值说明","Opening excerpt: ปะเก็นอิเล็กโทรไลเซอร์และผลิตภัณฑ์ฟลูออโรพลาสติก | Metatecno ไทย ภาษาอังกฤษ Русский Français 日本語 Беларуская Español Português Tiếng Việt ไทย Türkçe Bahasa Indonesia हिन्दी 한국어 Italiano 조선말 Bahasa Melayu Қазақша O'zbek Türkm","在首段直接说明产品、适用对象、能力和下一步。","提高答案可提取性。","medium","true"
"G001","geo","Medium","warn","https://www.metatecnocq.com/tk/index.html","开头缺少直接答案或价值说明","Opening excerpt: Elektrolizýor prokladkalary we ftoroplast önümleri | Metatecno Türkmen Iňlis dili Русский Français 日本語 Беларуская Español Português Tiếng Việt ไทย Türkçe Bahasa Indonesia हिन्दी 한국어 Italiano 조선말 Bahasa Melayu Қазақша O'zbek","在首段直接说明产品、适用对象、能力和下一步。","提高答案可提取性。","medium","true"
"G001","geo","Medium","warn","https://www.metatecnocq.com/tr/index.html","开头缺少直接答案或价值说明","Opening excerpt: Elektrolizör contaları ve floroplastik ürünler | Metatecno Türkçe İngilizce Русский Français 日本語 Беларуская Español Português Tiếng Việt ไทย Türkçe Bahasa Indonesia हिन्दी 한국어 Italiano 조선말 Bahasa Melayu Қазақша O'zbek Türkm","在首段直接说明产品、适用对象、能力和下一步。","提高答案可提取性。","medium","true"
"G001","geo","Medium","warn","https://www.metatecnocq.com/uz/index.html","开头缺少直接答案或价值说明","Opening excerpt: Elektrolizyor qistirmalari va ftoroplast mahsulotlar | Metatecno O'zbek Ingliz tili Русский Français 日本語 Беларуская Español Português Tiếng Việt ไทย Türkçe Bahasa Indonesia हिन्दी 한국어 Italiano 조선말 Bahasa Melayu Қазақша O'zb","在首段直接说明产品、适用对象、能力和下一步。","提高答案可提取性。","medium","true"
"G001","geo","Medium","warn","https://www.metatecnocq.com/vi/index.html","开头缺少直接答案或价值说明","Opening excerpt: Gioăng bình điện phân và sản phẩm fluoroplastic | Metatecno Tiếng Việt Tiếng Anh Русский Français 日本語 Беларуская Español Português Tiếng Việt ไทย Türkçe Bahasa Indonesia हिन्दी 한국어 Italiano 조선말 Bahasa Melayu Қазақша O'zbek ","在首段直接说明产品、适用对象、能力和下一步。","提高答案可提取性。","medium","true"
"G002","geo","Medium","warn","https://www.metatecnocq.com/en/contact/index.html","可提取的实质内容偏少","Extracted word count: 129; threshold: 300.","补充真实规格、流程、应用、证据和采购信息。","增强主题覆盖。","medium","true"
"G002","geo","Medium","warn","https://www.metatecnocq.com/ja/index.html","可提取的实质内容偏少","Extracted word count: 149; threshold: 300.","补充真实规格、流程、应用、证据和采购信息。","增强主题覆盖。","medium","true"
"G002","geo","Medium","warn","https://www.metatecnocq.com/th/index.html","可提取的实质内容偏少","Extracted word count: 189; threshold: 300.","补充真实规格、流程、应用、证据和采购信息。","增强主题覆盖。","medium","true"
"G010","geo","Medium","warn","https://www.metatecnocq.com/be/index.html","实体与面包屑 Schema 覆盖不足","Entity schema: false; BreadcrumbList: false.","按页面内容添加 Organization、Product/Service 和 Breadcrumb。","增强结构化理解。","high","false"
"G010","geo","Medium","warn","https://www.metatecnocq.com/el/index.html","实体与面包屑 Schema 覆盖不足","Entity schema: false; BreadcrumbList: false.","按页面内容添加 Organization、Product/Service 和 Breadcrumb。","增强结构化理解。","high","false"
"G010","geo","Medium","warn","https://www.metatecnocq.com/en/about/index.html","实体与面包屑 Schema 覆盖不足","Entity schema: false; BreadcrumbList: false.","按页面内容添加 Organization、Product/Service 和 Breadcrumb。","增强结构化理解。","high","false"
"G010","geo","Medium","warn","https://www.metatecnocq.com/en/contact/index.html","实体与面包屑 Schema 覆盖不足","Entity schema: false; BreadcrumbList: false.","按页面内容添加 Organization、Product/Service 和 Breadcrumb。","增强结构化理解。","high","false"
"G010","geo","Medium","warn","https://www.metatecnocq.com/en/products/index.html","实体与面包屑 Schema 覆盖不足","Entity schema: true; BreadcrumbList: false.","按页面内容添加 Organization、Product/Service 和 Breadcrumb。","增强结构化理解。","high","false"
"G010","geo","Medium","warn","https://www.metatecnocq.com/en/technology/index.html","实体与面包屑 Schema 覆盖不足","Entity schema: false; BreadcrumbList: false.","按页面内容添加 Organization、Product/Service 和 Breadcrumb。","增强结构化理解。","high","false"
"G010","geo","Medium","warn","https://www.metatecnocq.com/es/index.html","实体与面包屑 Schema 覆盖不足","Entity schema: false; BreadcrumbList: false.","按页面内容添加 Organization、Product/Service 和 Breadcrumb。","增强结构化理解。","high","false"
"G010","geo","Medium","warn","https://www.metatecnocq.com/fr/index.html","实体与面包屑 Schema 覆盖不足","Entity schema: false; BreadcrumbList: false.","按页面内容添加 Organization、Product/Service 和 Breadcrumb。","增强结构化理解。","high","false"
"G010","geo","Medium","warn","https://www.metatecnocq.com/hi/index.html","实体与面包屑 Schema 覆盖不足","Entity schema: false; BreadcrumbList: false.","按页面内容添加 Organization、Product/Service 和 Breadcrumb。","增强结构化理解。","high","false"
"G010","geo","Medium","warn","https://www.metatecnocq.com/hr/index.html","实体与面包屑 Schema 覆盖不足","Entity schema: false; BreadcrumbList: false.","按页面内容添加 Organization、Product/Service 和 Breadcrumb。","增强结构化理解。","high","false"
"G010","geo","Medium","warn","https://www.metatecnocq.com/id/index.html","实体与面包屑 Schema 覆盖不足","Entity schema: false; BreadcrumbList: false.","按页面内容添加 Organization、Product/Service 和 Breadcrumb。","增强结构化理解。","high","false"
"G010","geo","Medium","warn","https://www.metatecnocq.com/it/index.html","实体与面包屑 Schema 覆盖不足","Entity schema: false; BreadcrumbList: false.","按页面内容添加 Organization、Product/Service 和 Breadcrumb。","增强结构化理解。","high","false"
"G010","geo","Medium","warn","https://www.metatecnocq.com/ja/index.html","实体与面包屑 Schema 覆盖不足","Entity schema: false; BreadcrumbList: false.","按页面内容添加 Organization、Product/Service 和 Breadcrumb。","增强结构化理解。","high","false"
"G010","geo","Medium","warn","https://www.metatecnocq.com/kk/index.html","实体与面包屑 Schema 覆盖不足","Entity schema: false; BreadcrumbList: false.","按页面内容添加 Organization、Product/Service 和 Breadcrumb。","增强结构化理解。","high","false"
"G010","geo","Medium","warn","https://www.metatecnocq.com/ko-kp/index.html","实体与面包屑 Schema 覆盖不足","Entity schema: false; BreadcrumbList: false.","按页面内容添加 Organization、Product/Service 和 Breadcrumb。","增强结构化理解。","high","false"
"G010","geo","Medium","warn","https://www.metatecnocq.com/ko/index.html","实体与面包屑 Schema 覆盖不足","Entity schema: false; BreadcrumbList: false.","按页面内容添加 Organization、Product/Service 和 Breadcrumb。","增强结构化理解。","high","false"
"G010","geo","Medium","warn","https://www.metatecnocq.com/ky/index.html","实体与面包屑 Schema 覆盖不足","Entity schema: false; BreadcrumbList: false.","按页面内容添加 Organization、Product/Service 和 Breadcrumb。","增强结构化理解。","high","false"
"G010","geo","Medium","warn","https://www.metatecnocq.com/lb/index.html","实体与面包屑 Schema 覆盖不足","Entity schema: false; BreadcrumbList: false.","按页面内容添加 Organization、Product/Service 和 Breadcrumb。","增强结构化理解。","high","false"
"G010","geo","Medium","warn","https://www.metatecnocq.com/ms/index.html","实体与面包屑 Schema 覆盖不足","Entity schema: false; BreadcrumbList: false.","按页面内容添加 Organization、Product/Service 和 Breadcrumb。","增强结构化理解。","high","false"
"G010","geo","Medium","warn","https://www.metatecnocq.com/nl/index.html","实体与面包屑 Schema 覆盖不足","Entity schema: false; BreadcrumbList: false.","按页面内容添加 Organization、Product/Service 和 Breadcrumb。","增强结构化理解。","high","false"
"G010","geo","Medium","warn","https://www.metatecnocq.com/pt/index.html","实体与面包屑 Schema 覆盖不足","Entity schema: false; BreadcrumbList: false.","按页面内容添加 Organization、Product/Service 和 Breadcrumb。","增强结构化理解。","high","false"
"G010","geo","Medium","warn","https://www.metatecnocq.com/ru/index.html","实体与面包屑 Schema 覆盖不足","Entity schema: false; BreadcrumbList: false.","按页面内容添加 Organization、Product/Service 和 Breadcrumb。","增强结构化理解。","high","false"
"G010","geo","Medium","warn","https://www.metatecnocq.com/tg/index.html","实体与面包屑 Schema 覆盖不足","Entity schema: false; BreadcrumbList: false.","按页面内容添加 Organization、Product/Service 和 Breadcrumb。","增强结构化理解。","high","false"
"G010","geo","Medium","warn","https://www.metatecnocq.com/th/index.html","实体与面包屑 Schema 覆盖不足","Entity schema: false; BreadcrumbList: false.","按页面内容添加 Organization、Product/Service 和 Breadcrumb。","增强结构化理解。","high","false"
"G010","geo","Medium","warn","https://www.metatecnocq.com/tk/index.html","实体与面包屑 Schema 覆盖不足","Entity schema: false; BreadcrumbList: false.","按页面内容添加 Organization、Product/Service 和 Breadcrumb。","增强结构化理解。","high","false"
"G010","geo","Medium","warn","https://www.metatecnocq.com/tr/index.html","实体与面包屑 Schema 覆盖不足","Entity schema: false; BreadcrumbList: false.","按页面内容添加 Organization、Product/Service 和 Breadcrumb。","增强结构化理解。","high","false"
"G010","geo","Medium","warn","https://www.metatecnocq.com/uz/index.html","实体与面包屑 Schema 覆盖不足","Entity schema: false; BreadcrumbList: false.","按页面内容添加 Organization、Product/Service 和 Breadcrumb。","增强结构化理解。","high","false"
"G010","geo","Medium","warn","https://www.metatecnocq.com/vi/index.html","实体与面包屑 Schema 覆盖不足","Entity schema: false; BreadcrumbList: false.","按页面内容添加 Organization、Product/Service 和 Breadcrumb。","增强结构化理解。","high","false"
"G011","geo","Medium","warn","https://www.metatecnocq.com/be/index.html","缺少规格、步骤或结构化说明","Structured specification/process signal: false.","使用真实规格表、流程步骤或定义列表。","提高信息可提取性。","medium","true"
"G011","geo","Medium","warn","https://www.metatecnocq.com/el/index.html","缺少规格、步骤或结构化说明","Structured specification/process signal: false.","使用真实规格表、流程步骤或定义列表。","提高信息可提取性。","medium","true"
"G011","geo","Medium","warn","https://www.metatecnocq.com/en/contact/index.html","缺少规格、步骤或结构化说明","Structured specification/process signal: false.","使用真实规格表、流程步骤或定义列表。","提高信息可提取性。","medium","true"
"G011","geo","Medium","warn","https://www.metatecnocq.com/en/products/index.html","缺少规格、步骤或结构化说明","Structured specification/process signal: false.","使用真实规格表、流程步骤或定义列表。","提高信息可提取性。","medium","true"
"G011","geo","Medium","warn","https://www.metatecnocq.com/es/index.html","缺少规格、步骤或结构化说明","Structured specification/process signal: false.","使用真实规格表、流程步骤或定义列表。","提高信息可提取性。","medium","true"
"G011","geo","Medium","warn","https://www.metatecnocq.com/fr/index.html","缺少规格、步骤或结构化说明","Structured specification/process signal: false.","使用真实规格表、流程步骤或定义列表。","提高信息可提取性。","medium","true"
"G011","geo","Medium","warn","https://www.metatecnocq.com/hi/index.html","缺少规格、步骤或结构化说明","Structured specification/process signal: false.","使用真实规格表、流程步骤或定义列表。","提高信息可提取性。","medium","true"
"G011","geo","Medium","warn","https://www.metatecnocq.com/hr/index.html","缺少规格、步骤或结构化说明","Structured specification/process signal: false.","使用真实规格表、流程步骤或定义列表。","提高信息可提取性。","medium","true"
"G011","geo","Medium","warn","https://www.metatecnocq.com/id/index.html","缺少规格、步骤或结构化说明","Structured specification/process signal: false.","使用真实规格表、流程步骤或定义列表。","提高信息可提取性。","medium","true"
"G011","geo","Medium","warn","https://www.metatecnocq.com/it/index.html","缺少规格、步骤或结构化说明","Structured specification/process signal: false.","使用真实规格表、流程步骤或定义列表。","提高信息可提取性。","medium","true"
"G011","geo","Medium","warn","https://www.metatecnocq.com/ja/index.html","缺少规格、步骤或结构化说明","Structured specification/process signal: false.","使用真实规格表、流程步骤或定义列表。","提高信息可提取性。","medium","true"
"G011","geo","Medium","warn","https://www.metatecnocq.com/kk/index.html","缺少规格、步骤或结构化说明","Structured specification/process signal: false.","使用真实规格表、流程步骤或定义列表。","提高信息可提取性。","medium","true"
"G011","geo","Medium","warn","https://www.metatecnocq.com/ko-kp/index.html","缺少规格、步骤或结构化说明","Structured specification/process signal: false.","使用真实规格表、流程步骤或定义列表。","提高信息可提取性。","medium","true"
"G011","geo","Medium","warn","https://www.metatecnocq.com/ko/index.html","缺少规格、步骤或结构化说明","Structured specification/process signal: false.","使用真实规格表、流程步骤或定义列表。","提高信息可提取性。","medium","true"
"G011","geo","Medium","warn","https://www.metatecnocq.com/ky/index.html","缺少规格、步骤或结构化说明","Structured specification/process signal: false.","使用真实规格表、流程步骤或定义列表。","提高信息可提取性。","medium","true"
"G011","geo","Medium","warn","https://www.metatecnocq.com/lb/index.html","缺少规格、步骤或结构化说明","Structured specification/process signal: false.","使用真实规格表、流程步骤或定义列表。","提高信息可提取性。","medium","true"
"G011","geo","Medium","warn","https://www.metatecnocq.com/ms/index.html","缺少规格、步骤或结构化说明","Structured specification/process signal: false.","使用真实规格表、流程步骤或定义列表。","提高信息可提取性。","medium","true"
"G011","geo","Medium","warn","https://www.metatecnocq.com/nl/index.html","缺少规格、步骤或结构化说明","Structured specification/process signal: false.","使用真实规格表、流程步骤或定义列表。","提高信息可提取性。","medium","true"
"G011","geo","Medium","warn","https://www.metatecnocq.com/pt/index.html","缺少规格、步骤或结构化说明","Structured specification/process signal: false.","使用真实规格表、流程步骤或定义列表。","提高信息可提取性。","medium","true"
"G011","geo","Medium","warn","https://www.metatecnocq.com/ru/index.html","缺少规格、步骤或结构化说明","Structured specification/process signal: false.","使用真实规格表、流程步骤或定义列表。","提高信息可提取性。","medium","true"
"G011","geo","Medium","warn","https://www.metatecnocq.com/tg/index.html","缺少规格、步骤或结构化说明","Structured specification/process signal: false.","使用真实规格表、流程步骤或定义列表。","提高信息可提取性。","medium","true"
"G011","geo","Medium","warn","https://www.metatecnocq.com/th/index.html","缺少规格、步骤或结构化说明","Structured specification/process signal: false.","使用真实规格表、流程步骤或定义列表。","提高信息可提取性。","medium","true"
"G011","geo","Medium","warn","https://www.metatecnocq.com/tk/index.html","缺少规格、步骤或结构化说明","Structured specification/process signal: false.","使用真实规格表、流程步骤或定义列表。","提高信息可提取性。","medium","true"
"G011","geo","Medium","warn","https://www.metatecnocq.com/tr/index.html","缺少规格、步骤或结构化说明","Structured specification/process signal: false.","使用真实规格表、流程步骤或定义列表。","提高信息可提取性。","medium","true"
"G011","geo","Medium","warn","https://www.metatecnocq.com/uz/index.html","缺少规格、步骤或结构化说明","Structured specification/process signal: false.","使用真实规格表、流程步骤或定义列表。","提高信息可提取性。","medium","true"
"G011","geo","Medium","warn","https://www.metatecnocq.com/vi/index.html","缺少规格、步骤或结构化说明","Structured specification/process signal: false.","使用真实规格表、流程步骤或定义列表。","提高信息可提取性。","medium","true"
"M005","metatecno","Medium","warn","https://www.metatecnocq.com/","核心产品术语需要复核","Approved en core-term signal: false.","按当地采购表达和术语库复核，不自动替换。","提高专业一致性。","low","true"
"M005","metatecno","Medium","warn","https://www.metatecnocq.com/be/index.html","核心产品术语需要复核","Approved en core-term signal: false.","按当地采购表达和术语库复核，不自动替换。","提高专业一致性。","low","true"
"M005","metatecno","Medium","warn","https://www.metatecnocq.com/el/index.html","核心产品术语需要复核","Approved en core-term signal: false.","按当地采购表达和术语库复核，不自动替换。","提高专业一致性。","low","true"
"M005","metatecno","Medium","warn","https://www.metatecnocq.com/en/about/index.html","核心产品术语需要复核","Approved en core-term signal: false.","按当地采购表达和术语库复核，不自动替换。","提高专业一致性。","low","true"
"M005","metatecno","Medium","warn","https://www.metatecnocq.com/en/contact/index.html","核心产品术语需要复核","Approved en core-term signal: false.","按当地采购表达和术语库复核，不自动替换。","提高专业一致性。","low","true"
"M005","metatecno","Medium","warn","https://www.metatecnocq.com/en/index.html","核心产品术语需要复核","Approved en core-term signal: false.","按当地采购表达和术语库复核，不自动替换。","提高专业一致性。","low","true"
"M005","metatecno","Medium","warn","https://www.metatecnocq.com/en/products/index.html","核心产品术语需要复核","Approved en core-term signal: false.","按当地采购表达和术语库复核，不自动替换。","提高专业一致性。","low","true"
"M005","metatecno","Medium","warn","https://www.metatecnocq.com/en/technology/index.html","核心产品术语需要复核","Approved en core-term signal: false.","按当地采购表达和术语库复核，不自动替换。","提高专业一致性。","low","true"
"M005","metatecno","Medium","warn","https://www.metatecnocq.com/es/index.html","核心产品术语需要复核","Approved es core-term signal: false.","按当地采购表达和术语库复核，不自动替换。","提高专业一致性。","low","true"
"M005","metatecno","Medium","warn","https://www.metatecnocq.com/fr/index.html","核心产品术语需要复核","Approved fr core-term signal: false.","按当地采购表达和术语库复核，不自动替换。","提高专业一致性。","low","true"
"M005","metatecno","Medium","warn","https://www.metatecnocq.com/hi/index.html","核心产品术语需要复核","Approved en core-term signal: false.","按当地采购表达和术语库复核，不自动替换。","提高专业一致性。","low","true"
"M005","metatecno","Medium","warn","https://www.metatecnocq.com/hr/index.html","核心产品术语需要复核","Approved en core-term signal: false.","按当地采购表达和术语库复核，不自动替换。","提高专业一致性。","low","true"
"M005","metatecno","Medium","warn","https://www.metatecnocq.com/id/index.html","核心产品术语需要复核","Approved en core-term signal: false.","按当地采购表达和术语库复核，不自动替换。","提高专业一致性。","low","true"
"M005","metatecno","Medium","warn","https://www.metatecnocq.com/it/index.html","核心产品术语需要复核","Approved en core-term signal: false.","按当地采购表达和术语库复核，不自动替换。","提高专业一致性。","low","true"
"M005","metatecno","Medium","warn","https://www.metatecnocq.com/ja/index.html","核心产品术语需要复核","Approved en core-term signal: false.","按当地采购表达和术语库复核，不自动替换。","提高专业一致性。","low","true"
"M005","metatecno","Medium","warn","https://www.metatecnocq.com/kk/index.html","核心产品术语需要复核","Approved en core-term signal: false.","按当地采购表达和术语库复核，不自动替换。","提高专业一致性。","low","true"
"M005","metatecno","Medium","warn","https://www.metatecnocq.com/ko-kp/index.html","核心产品术语需要复核","Approved en core-term signal: false.","按当地采购表达和术语库复核，不自动替换。","提高专业一致性。","low","true"
"M005","metatecno","Medium","warn","https://www.metatecnocq.com/ko/index.html","核心产品术语需要复核","Approved en core-term signal: false.","按当地采购表达和术语库复核，不自动替换。","提高专业一致性。","low","true"
"M005","metatecno","Medium","warn","https://www.metatecnocq.com/ky/index.html","核心产品术语需要复核","Approved en core-term signal: false.","按当地采购表达和术语库复核，不自动替换。","提高专业一致性。","low","true"
"M005","metatecno","Medium","warn","https://www.metatecnocq.com/lb/index.html","核心产品术语需要复核","Approved en core-term signal: false.","按当地采购表达和术语库复核，不自动替换。","提高专业一致性。","low","true"
"M005","metatecno","Medium","warn","https://www.metatecnocq.com/ms/index.html","核心产品术语需要复核","Approved en core-term signal: false.","按当地采购表达和术语库复核，不自动替换。","提高专业一致性。","low","true"
"M005","metatecno","Medium","warn","https://www.metatecnocq.com/nl/index.html","核心产品术语需要复核","Approved en core-term signal: false.","按当地采购表达和术语库复核，不自动替换。","提高专业一致性。","low","true"
"M005","metatecno","Medium","warn","https://www.metatecnocq.com/pt/index.html","核心产品术语需要复核","Approved pt core-term signal: false.","按当地采购表达和术语库复核，不自动替换。","提高专业一致性。","low","true"
"M005","metatecno","Medium","warn","https://www.metatecnocq.com/ru/index.html","核心产品术语需要复核","Approved ru core-term signal: false.","按当地采购表达和术语库复核，不自动替换。","提高专业一致性。","low","true"
"M005","metatecno","Medium","warn","https://www.metatecnocq.com/tg/index.html","核心产品术语需要复核","Approved en core-term signal: false.","按当地采购表达和术语库复核，不自动替换。","提高专业一致性。","low","true"
"M005","metatecno","Medium","warn","https://www.metatecnocq.com/th/index.html","核心产品术语需要复核","Approved en core-term signal: false.","按当地采购表达和术语库复核，不自动替换。","提高专业一致性。","low","true"
"M005","metatecno","Medium","warn","https://www.metatecnocq.com/tk/index.html","核心产品术语需要复核","Approved en core-term signal: false.","按当地采购表达和术语库复核，不自动替换。","提高专业一致性。","low","true"
"M005","metatecno","Medium","warn","https://www.metatecnocq.com/tr/index.html","核心产品术语需要复核","Approved en core-term signal: false.","按当地采购表达和术语库复核，不自动替换。","提高专业一致性。","low","true"
"M005","metatecno","Medium","warn","https://www.metatecnocq.com/uz/index.html","核心产品术语需要复核","Approved en core-term signal: false.","按当地采购表达和术语库复核，不自动替换。","提高专业一致性。","low","true"
"M005","metatecno","Medium","warn","https://www.metatecnocq.com/vi/index.html","核心产品术语需要复核","Approved en core-term signal: false.","按当地采购表达和术语库复核，不自动替换。","提高专业一致性。","low","true"
"T009","technical","Medium","warn","https://www.metatecnocq.com/en/about/index.html","标题层级出现跳跃","Heading sequence: H1, H3, H3, H3, H3, H2, H3, H3, H3, H3, H3, H3, H3, H3, H3, H3, H3, H3, H3, H3, H3, H3, H2","按 H1、H2、H3 的逻辑层级组织内容。","提高结构可读性。","high","false"
"T012","technical","Medium","warn","https://www.metatecnocq.com/be/index.html","缺少可识别的 JSON-LD 实体","Schema types: ContactPoint, LocalBusiness, PostalAddress; JSON errors: 0.","按真实内容添加有效的实体或面包屑 JSON-LD。","提升机器可解释性。","high","false"
"T012","technical","Medium","warn","https://www.metatecnocq.com/el/index.html","缺少可识别的 JSON-LD 实体","Schema types: ContactPoint, LocalBusiness, PostalAddress; JSON errors: 0.","按真实内容添加有效的实体或面包屑 JSON-LD。","提升机器可解释性。","high","false"
"T012","technical","Medium","warn","https://www.metatecnocq.com/en/about/index.html","缺少可识别的 JSON-LD 实体","Schema types: ContactPoint, LocalBusiness, PostalAddress; JSON errors: 0.","按真实内容添加有效的实体或面包屑 JSON-LD。","提升机器可解释性。","high","false"
"T012","technical","Medium","warn","https://www.metatecnocq.com/en/contact/index.html","缺少可识别的 JSON-LD 实体","Schema types: ContactPoint, LocalBusiness, PostalAddress; JSON errors: 0.","按真实内容添加有效的实体或面包屑 JSON-LD。","提升机器可解释性。","high","false"
"T012","technical","Medium","warn","https://www.metatecnocq.com/en/technology/index.html","缺少可识别的 JSON-LD 实体","Schema types: ContactPoint, LocalBusiness, PostalAddress; JSON errors: 0.","按真实内容添加有效的实体或面包屑 JSON-LD。","提升机器可解释性。","high","false"
"T012","technical","Medium","warn","https://www.metatecnocq.com/es/index.html","缺少可识别的 JSON-LD 实体","Schema types: ContactPoint, LocalBusiness, PostalAddress; JSON errors: 0.","按真实内容添加有效的实体或面包屑 JSON-LD。","提升机器可解释性。","high","false"
"T012","technical","Medium","warn","https://www.metatecnocq.com/fr/index.html","缺少可识别的 JSON-LD 实体","Schema types: ContactPoint, LocalBusiness, PostalAddress; JSON errors: 0.","按真实内容添加有效的实体或面包屑 JSON-LD。","提升机器可解释性。","high","false"
"T012","technical","Medium","warn","https://www.metatecnocq.com/hi/index.html","缺少可识别的 JSON-LD 实体","Schema types: ContactPoint, LocalBusiness, PostalAddress; JSON errors: 0.","按真实内容添加有效的实体或面包屑 JSON-LD。","提升机器可解释性。","high","false"
"T012","technical","Medium","warn","https://www.metatecnocq.com/hr/index.html","缺少可识别的 JSON-LD 实体","Schema types: ContactPoint, LocalBusiness, PostalAddress; JSON errors: 0.","按真实内容添加有效的实体或面包屑 JSON-LD。","提升机器可解释性。","high","false"
"T012","technical","Medium","warn","https://www.metatecnocq.com/id/index.html","缺少可识别的 JSON-LD 实体","Schema types: ContactPoint, LocalBusiness, PostalAddress; JSON errors: 0.","按真实内容添加有效的实体或面包屑 JSON-LD。","提升机器可解释性。","high","false"
"T012","technical","Medium","warn","https://www.metatecnocq.com/it/index.html","缺少可识别的 JSON-LD 实体","Schema types: ContactPoint, LocalBusiness, PostalAddress; JSON errors: 0.","按真实内容添加有效的实体或面包屑 JSON-LD。","提升机器可解释性。","high","false"
"T012","technical","Medium","warn","https://www.metatecnocq.com/ja/index.html","缺少可识别的 JSON-LD 实体","Schema types: ContactPoint, LocalBusiness, PostalAddress; JSON errors: 0.","按真实内容添加有效的实体或面包屑 JSON-LD。","提升机器可解释性。","high","false"
"T012","technical","Medium","warn","https://www.metatecnocq.com/kk/index.html","缺少可识别的 JSON-LD 实体","Schema types: ContactPoint, LocalBusiness, PostalAddress; JSON errors: 0.","按真实内容添加有效的实体或面包屑 JSON-LD。","提升机器可解释性。","high","false"
"T012","technical","Medium","warn","https://www.metatecnocq.com/ko-kp/index.html","缺少可识别的 JSON-LD 实体","Schema types: ContactPoint, LocalBusiness, PostalAddress; JSON errors: 0.","按真实内容添加有效的实体或面包屑 JSON-LD。","提升机器可解释性。","high","false"
"T012","technical","Medium","warn","https://www.metatecnocq.com/ko/index.html","缺少可识别的 JSON-LD 实体","Schema types: ContactPoint, LocalBusiness, PostalAddress; JSON errors: 0.","按真实内容添加有效的实体或面包屑 JSON-LD。","提升机器可解释性。","high","false"
"T012","technical","Medium","warn","https://www.metatecnocq.com/ky/index.html","缺少可识别的 JSON-LD 实体","Schema types: ContactPoint, LocalBusiness, PostalAddress; JSON errors: 0.","按真实内容添加有效的实体或面包屑 JSON-LD。","提升机器可解释性。","high","false"
"T012","technical","Medium","warn","https://www.metatecnocq.com/lb/index.html","缺少可识别的 JSON-LD 实体","Schema types: ContactPoint, LocalBusiness, PostalAddress; JSON errors: 0.","按真实内容添加有效的实体或面包屑 JSON-LD。","提升机器可解释性。","high","false"
"T012","technical","Medium","warn","https://www.metatecnocq.com/ms/index.html","缺少可识别的 JSON-LD 实体","Schema types: ContactPoint, LocalBusiness, PostalAddress; JSON errors: 0.","按真实内容添加有效的实体或面包屑 JSON-LD。","提升机器可解释性。","high","false"
"T012","technical","Medium","warn","https://www.metatecnocq.com/nl/index.html","缺少可识别的 JSON-LD 实体","Schema types: ContactPoint, LocalBusiness, PostalAddress; JSON errors: 0.","按真实内容添加有效的实体或面包屑 JSON-LD。","提升机器可解释性。","high","false"
"T012","technical","Medium","warn","https://www.metatecnocq.com/pt/index.html","缺少可识别的 JSON-LD 实体","Schema types: ContactPoint, LocalBusiness, PostalAddress; JSON errors: 0.","按真实内容添加有效的实体或面包屑 JSON-LD。","提升机器可解释性。","high","false"
"T012","technical","Medium","warn","https://www.metatecnocq.com/ru/index.html","缺少可识别的 JSON-LD 实体","Schema types: ContactPoint, LocalBusiness, PostalAddress; JSON errors: 0.","按真实内容添加有效的实体或面包屑 JSON-LD。","提升机器可解释性。","high","false"
"T012","technical","Medium","warn","https://www.metatecnocq.com/tg/index.html","缺少可识别的 JSON-LD 实体","Schema types: ContactPoint, LocalBusiness, PostalAddress; JSON errors: 0.","按真实内容添加有效的实体或面包屑 JSON-LD。","提升机器可解释性。","high","false"
"T012","technical","Medium","warn","https://www.metatecnocq.com/th/index.html","缺少可识别的 JSON-LD 实体","Schema types: ContactPoint, LocalBusiness, PostalAddress; JSON errors: 0.","按真实内容添加有效的实体或面包屑 JSON-LD。","提升机器可解释性。","high","false"
"T012","technical","Medium","warn","https://www.metatecnocq.com/tk/index.html","缺少可识别的 JSON-LD 实体","Schema types: ContactPoint, LocalBusiness, PostalAddress; JSON errors: 0.","按真实内容添加有效的实体或面包屑 JSON-LD。","提升机器可解释性。","high","false"
"T012","technical","Medium","warn","https://www.metatecnocq.com/tr/index.html","缺少可识别的 JSON-LD 实体","Schema types: ContactPoint, LocalBusiness, PostalAddress; JSON errors: 0.","按真实内容添加有效的实体或面包屑 JSON-LD。","提升机器可解释性。","high","false"
"T012","technical","Medium","warn","https://www.metatecnocq.com/uz/index.html","缺少可识别的 JSON-LD 实体","Schema types: ContactPoint, LocalBusiness, PostalAddress; JSON errors: 0.","按真实内容添加有效的实体或面包屑 JSON-LD。","提升机器可解释性。","high","false"
"T012","technical","Medium","warn","https://www.metatecnocq.com/vi/index.html","缺少可识别的 JSON-LD 实体","Schema types: ContactPoint, LocalBusiness, PostalAddress; JSON errors: 0.","按真实内容添加有效的实体或面包屑 JSON-LD。","提升机器可解释性。","high","false"
"T015","technical","Medium","warn","https://www.metatecnocq.com/id/index.html","抓取页面存在重复元数据","Duplicate metadata across: https://www.metatecnocq.com/id/index.html | https://www.metatecnocq.com/ms/index.html; value: gasket elektroliser dan produk fluoroplastik | metatecno","按唯一搜索意图重写重复元数据。","减少页面意图冲突。","high","false"
"T015","technical","Medium","warn","https://www.metatecnocq.com/ko-kp/index.html","抓取页面存在重复元数据","Duplicate metadata across: https://www.metatecnocq.com/ko/index.html | https://www.metatecnocq.com/ko-kp/index.html; value: 전해조 가스켓 및 불소수지 제품 | metatecno","按唯一搜索意图重写重复元数据。","减少页面意图冲突。","high","false"
"T015","technical","Medium","warn","https://www.metatecnocq.com/ko/index.html","抓取页面存在重复元数据","Duplicate metadata across: https://www.metatecnocq.com/ko/index.html | https://www.metatecnocq.com/ko-kp/index.html; value: 전해조 가스켓 및 불소수지 제품 | metatecno","按唯一搜索意图重写重复元数据。","减少页面意图冲突。","high","false"
"T015","technical","Medium","warn","https://www.metatecnocq.com/ms/index.html","抓取页面存在重复元数据","Duplicate metadata across: https://www.metatecnocq.com/id/index.html | https://www.metatecnocq.com/ms/index.html; value: gasket elektroliser dan produk fluoroplastik | metatecno","按唯一搜索意图重写重复元数据。","减少页面意图冲突。","high","false"
"G003","geo","Low","warn","https://www.metatecnocq.com/","缺少相关问答内容","No FAQ signal found.","加入基于真实销售问题的简洁 FAQ。","改善长尾问题覆盖。","high","true"
"G003","geo","Low","warn","https://www.metatecnocq.com/be/index.html","缺少相关问答内容","No FAQ signal found.","加入基于真实销售问题的简洁 FAQ。","改善长尾问题覆盖。","high","true"
"G003","geo","Low","warn","https://www.metatecnocq.com/el/index.html","缺少相关问答内容","No FAQ signal found.","加入基于真实销售问题的简洁 FAQ。","改善长尾问题覆盖。","high","true"
"G003","geo","Low","warn","https://www.metatecnocq.com/en/about/index.html","缺少相关问答内容","No FAQ signal found.","加入基于真实销售问题的简洁 FAQ。","改善长尾问题覆盖。","high","true"
"G003","geo","Low","warn","https://www.metatecnocq.com/en/contact/index.html","缺少相关问答内容","No FAQ signal found.","加入基于真实销售问题的简洁 FAQ。","改善长尾问题覆盖。","high","true"
"G003","geo","Low","warn","https://www.metatecnocq.com/en/index.html","缺少相关问答内容","No FAQ signal found.","加入基于真实销售问题的简洁 FAQ。","改善长尾问题覆盖。","high","true"
"G003","geo","Low","warn","https://www.metatecnocq.com/en/products/index.html","缺少相关问答内容","No FAQ signal found.","加入基于真实销售问题的简洁 FAQ。","改善长尾问题覆盖。","high","true"
"G003","geo","Low","warn","https://www.metatecnocq.com/en/technology/index.html","缺少相关问答内容","No FAQ signal found.","加入基于真实销售问题的简洁 FAQ。","改善长尾问题覆盖。","high","true"
"G003","geo","Low","warn","https://www.metatecnocq.com/es/index.html","缺少相关问答内容","No FAQ signal found.","加入基于真实销售问题的简洁 FAQ。","改善长尾问题覆盖。","high","true"
"G003","geo","Low","warn","https://www.metatecnocq.com/fr/index.html","缺少相关问答内容","No FAQ signal found.","加入基于真实销售问题的简洁 FAQ。","改善长尾问题覆盖。","high","true"
"G003","geo","Low","warn","https://www.metatecnocq.com/hi/index.html","缺少相关问答内容","No FAQ signal found.","加入基于真实销售问题的简洁 FAQ。","改善长尾问题覆盖。","high","true"
"G003","geo","Low","warn","https://www.metatecnocq.com/hr/index.html","缺少相关问答内容","No FAQ signal found.","加入基于真实销售问题的简洁 FAQ。","改善长尾问题覆盖。","high","true"
"G003","geo","Low","warn","https://www.metatecnocq.com/id/index.html","缺少相关问答内容","No FAQ signal found.","加入基于真实销售问题的简洁 FAQ。","改善长尾问题覆盖。","high","true"
"G003","geo","Low","warn","https://www.metatecnocq.com/it/index.html","缺少相关问答内容","No FAQ signal found.","加入基于真实销售问题的简洁 FAQ。","改善长尾问题覆盖。","high","true"
"G003","geo","Low","warn","https://www.metatecnocq.com/ja/index.html","缺少相关问答内容","No FAQ signal found.","加入基于真实销售问题的简洁 FAQ。","改善长尾问题覆盖。","high","true"
"G003","geo","Low","warn","https://www.metatecnocq.com/kk/index.html","缺少相关问答内容","No FAQ signal found.","加入基于真实销售问题的简洁 FAQ。","改善长尾问题覆盖。","high","true"
"G003","geo","Low","warn","https://www.metatecnocq.com/ko-kp/index.html","缺少相关问答内容","No FAQ signal found.","加入基于真实销售问题的简洁 FAQ。","改善长尾问题覆盖。","high","true"
"G003","geo","Low","warn","https://www.metatecnocq.com/ko/index.html","缺少相关问答内容","No FAQ signal found.","加入基于真实销售问题的简洁 FAQ。","改善长尾问题覆盖。","high","true"
"G003","geo","Low","warn","https://www.metatecnocq.com/ky/index.html","缺少相关问答内容","No FAQ signal found.","加入基于真实销售问题的简洁 FAQ。","改善长尾问题覆盖。","high","true"
"G003","geo","Low","warn","https://www.metatecnocq.com/lb/index.html","缺少相关问答内容","No FAQ signal found.","加入基于真实销售问题的简洁 FAQ。","改善长尾问题覆盖。","high","true"
"G003","geo","Low","warn","https://www.metatecnocq.com/ms/index.html","缺少相关问答内容","No FAQ signal found.","加入基于真实销售问题的简洁 FAQ。","改善长尾问题覆盖。","high","true"
"G003","geo","Low","warn","https://www.metatecnocq.com/nl/index.html","缺少相关问答内容","No FAQ signal found.","加入基于真实销售问题的简洁 FAQ。","改善长尾问题覆盖。","high","true"
"G003","geo","Low","warn","https://www.metatecnocq.com/pt/index.html","缺少相关问答内容","No FAQ signal found.","加入基于真实销售问题的简洁 FAQ。","改善长尾问题覆盖。","high","true"
"G003","geo","Low","warn","https://www.metatecnocq.com/ru/index.html","缺少相关问答内容","No FAQ signal found.","加入基于真实销售问题的简洁 FAQ。","改善长尾问题覆盖。","high","true"
"G003","geo","Low","warn","https://www.metatecnocq.com/tg/index.html","缺少相关问答内容","No FAQ signal found.","加入基于真实销售问题的简洁 FAQ。","改善长尾问题覆盖。","high","true"
"G003","geo","Low","warn","https://www.metatecnocq.com/th/index.html","缺少相关问答内容","No FAQ signal found.","加入基于真实销售问题的简洁 FAQ。","改善长尾问题覆盖。","high","true"
"G003","geo","Low","warn","https://www.metatecnocq.com/tk/index.html","缺少相关问答内容","No FAQ signal found.","加入基于真实销售问题的简洁 FAQ。","改善长尾问题覆盖。","high","true"
"G003","geo","Low","warn","https://www.metatecnocq.com/tr/index.html","缺少相关问答内容","No FAQ signal found.","加入基于真实销售问题的简洁 FAQ。","改善长尾问题覆盖。","high","true"
"G003","geo","Low","warn","https://www.metatecnocq.com/uz/index.html","缺少相关问答内容","No FAQ signal found.","加入基于真实销售问题的简洁 FAQ。","改善长尾问题覆盖。","high","true"
"G003","geo","Low","warn","https://www.metatecnocq.com/vi/index.html","缺少相关问答内容","No FAQ signal found.","加入基于真实销售问题的简洁 FAQ。","改善长尾问题覆盖。","high","true"
"G005","geo","Low","warn","https://www.metatecnocq.com/","缺少更新或审核来源信号","No visible date or review signal found.","在适合的技术内容中标明更新时间或审核角色。","改善内容来源透明度。","medium","true"
"G005","geo","Low","warn","https://www.metatecnocq.com/be/index.html","缺少更新或审核来源信号","No visible date or review signal found.","在适合的技术内容中标明更新时间或审核角色。","改善内容来源透明度。","medium","true"
"G005","geo","Low","warn","https://www.metatecnocq.com/el/index.html","缺少更新或审核来源信号","No visible date or review signal found.","在适合的技术内容中标明更新时间或审核角色。","改善内容来源透明度。","medium","true"
"G005","geo","Low","warn","https://www.metatecnocq.com/en/about/index.html","缺少更新或审核来源信号","No visible date or review signal found.","在适合的技术内容中标明更新时间或审核角色。","改善内容来源透明度。","medium","true"
"G005","geo","Low","warn","https://www.metatecnocq.com/en/contact/index.html","缺少更新或审核来源信号","No visible date or review signal found.","在适合的技术内容中标明更新时间或审核角色。","改善内容来源透明度。","medium","true"
"G005","geo","Low","warn","https://www.metatecnocq.com/en/index.html","缺少更新或审核来源信号","No visible date or review signal found.","在适合的技术内容中标明更新时间或审核角色。","改善内容来源透明度。","medium","true"
"G005","geo","Low","warn","https://www.metatecnocq.com/en/products/index.html","缺少更新或审核来源信号","No visible date or review signal found.","在适合的技术内容中标明更新时间或审核角色。","改善内容来源透明度。","medium","true"
"G005","geo","Low","warn","https://www.metatecnocq.com/en/technology/index.html","缺少更新或审核来源信号","No visible date or review signal found.","在适合的技术内容中标明更新时间或审核角色。","改善内容来源透明度。","medium","true"
"G005","geo","Low","warn","https://www.metatecnocq.com/es/index.html","缺少更新或审核来源信号","No visible date or review signal found.","在适合的技术内容中标明更新时间或审核角色。","改善内容来源透明度。","medium","true"
"G005","geo","Low","warn","https://www.metatecnocq.com/fr/index.html","缺少更新或审核来源信号","No visible date or review signal found.","在适合的技术内容中标明更新时间或审核角色。","改善内容来源透明度。","medium","true"
"G005","geo","Low","warn","https://www.metatecnocq.com/hi/index.html","缺少更新或审核来源信号","No visible date or review signal found.","在适合的技术内容中标明更新时间或审核角色。","改善内容来源透明度。","medium","true"
"G005","geo","Low","warn","https://www.metatecnocq.com/hr/index.html","缺少更新或审核来源信号","No visible date or review signal found.","在适合的技术内容中标明更新时间或审核角色。","改善内容来源透明度。","medium","true"
"G005","geo","Low","warn","https://www.metatecnocq.com/id/index.html","缺少更新或审核来源信号","No visible date or review signal found.","在适合的技术内容中标明更新时间或审核角色。","改善内容来源透明度。","medium","true"
"G005","geo","Low","warn","https://www.metatecnocq.com/it/index.html","缺少更新或审核来源信号","No visible date or review signal found.","在适合的技术内容中标明更新时间或审核角色。","改善内容来源透明度。","medium","true"
"G005","geo","Low","warn","https://www.metatecnocq.com/ja/index.html","缺少更新或审核来源信号","No visible date or review signal found.","在适合的技术内容中标明更新时间或审核角色。","改善内容来源透明度。","medium","true"
"G005","geo","Low","warn","https://www.metatecnocq.com/kk/index.html","缺少更新或审核来源信号","No visible date or review signal found.","在适合的技术内容中标明更新时间或审核角色。","改善内容来源透明度。","medium","true"
"G005","geo","Low","warn","https://www.metatecnocq.com/ko-kp/index.html","缺少更新或审核来源信号","No visible date or review signal found.","在适合的技术内容中标明更新时间或审核角色。","改善内容来源透明度。","medium","true"
"G005","geo","Low","warn","https://www.metatecnocq.com/ko/index.html","缺少更新或审核来源信号","No visible date or review signal found.","在适合的技术内容中标明更新时间或审核角色。","改善内容来源透明度。","medium","true"
"G005","geo","Low","warn","https://www.metatecnocq.com/ky/index.html","缺少更新或审核来源信号","No visible date or review signal found.","在适合的技术内容中标明更新时间或审核角色。","改善内容来源透明度。","medium","true"
"G005","geo","Low","warn","https://www.metatecnocq.com/lb/index.html","缺少更新或审核来源信号","No visible date or review signal found.","在适合的技术内容中标明更新时间或审核角色。","改善内容来源透明度。","medium","true"
"G005","geo","Low","warn","https://www.metatecnocq.com/ms/index.html","缺少更新或审核来源信号","No visible date or review signal found.","在适合的技术内容中标明更新时间或审核角色。","改善内容来源透明度。","medium","true"
"G005","geo","Low","warn","https://www.metatecnocq.com/nl/index.html","缺少更新或审核来源信号","No visible date or review signal found.","在适合的技术内容中标明更新时间或审核角色。","改善内容来源透明度。","medium","true"
"G005","geo","Low","warn","https://www.metatecnocq.com/pt/index.html","缺少更新或审核来源信号","No visible date or review signal found.","在适合的技术内容中标明更新时间或审核角色。","改善内容来源透明度。","medium","true"
"G005","geo","Low","warn","https://www.metatecnocq.com/ru/index.html","缺少更新或审核来源信号","No visible date or review signal found.","在适合的技术内容中标明更新时间或审核角色。","改善内容来源透明度。","medium","true"
"G005","geo","Low","warn","https://www.metatecnocq.com/tg/index.html","缺少更新或审核来源信号","No visible date or review signal found.","在适合的技术内容中标明更新时间或审核角色。","改善内容来源透明度。","medium","true"
"G005","geo","Low","warn","https://www.metatecnocq.com/th/index.html","缺少更新或审核来源信号","No visible date or review signal found.","在适合的技术内容中标明更新时间或审核角色。","改善内容来源透明度。","medium","true"
"G005","geo","Low","warn","https://www.metatecnocq.com/tk/index.html","缺少更新或审核来源信号","No visible date or review signal found.","在适合的技术内容中标明更新时间或审核角色。","改善内容来源透明度。","medium","true"
"G005","geo","Low","warn","https://www.metatecnocq.com/tr/index.html","缺少更新或审核来源信号","No visible date or review signal found.","在适合的技术内容中标明更新时间或审核角色。","改善内容来源透明度。","medium","true"
"G005","geo","Low","warn","https://www.metatecnocq.com/uz/index.html","缺少更新或审核来源信号","No visible date or review signal found.","在适合的技术内容中标明更新时间或审核角色。","改善内容来源透明度。","medium","true"
"G005","geo","Low","warn","https://www.metatecnocq.com/vi/index.html","缺少更新或审核来源信号","No visible date or review signal found.","在适合的技术内容中标明更新时间或审核角色。","改善内容来源透明度。","medium","true"
"G012","geo","Low","warn","https://www.metatecnocq.com/","标题或 FAQ 缺少自然采购问题","Question headings: 0; FAQ signal: false.","使用客户真实问法并给出直接答案。","改善问题匹配。","medium","true"
"G012","geo","Low","warn","https://www.metatecnocq.com/be/index.html","标题或 FAQ 缺少自然采购问题","Question headings: 0; FAQ signal: false.","使用客户真实问法并给出直接答案。","改善问题匹配。","medium","true"
"G012","geo","Low","warn","https://www.metatecnocq.com/el/index.html","标题或 FAQ 缺少自然采购问题","Question headings: 0; FAQ signal: false.","使用客户真实问法并给出直接答案。","改善问题匹配。","medium","true"
"G012","geo","Low","warn","https://www.metatecnocq.com/en/about/index.html","标题或 FAQ 缺少自然采购问题","Question headings: 0; FAQ signal: false.","使用客户真实问法并给出直接答案。","改善问题匹配。","medium","true"
"G012","geo","Low","warn","https://www.metatecnocq.com/en/contact/index.html","标题或 FAQ 缺少自然采购问题","Question headings: 0; FAQ signal: false.","使用客户真实问法并给出直接答案。","改善问题匹配。","medium","true"
"G012","geo","Low","warn","https://www.metatecnocq.com/en/index.html","标题或 FAQ 缺少自然采购问题","Question headings: 0; FAQ signal: false.","使用客户真实问法并给出直接答案。","改善问题匹配。","medium","true"
"G012","geo","Low","warn","https://www.metatecnocq.com/en/products/index.html","标题或 FAQ 缺少自然采购问题","Question headings: 0; FAQ signal: false.","使用客户真实问法并给出直接答案。","改善问题匹配。","medium","true"
"G012","geo","Low","warn","https://www.metatecnocq.com/en/technology/index.html","标题或 FAQ 缺少自然采购问题","Question headings: 0; FAQ signal: false.","使用客户真实问法并给出直接答案。","改善问题匹配。","medium","true"
"G012","geo","Low","warn","https://www.metatecnocq.com/es/index.html","标题或 FAQ 缺少自然采购问题","Question headings: 0; FAQ signal: false.","使用客户真实问法并给出直接答案。","改善问题匹配。","medium","true"
"G012","geo","Low","warn","https://www.metatecnocq.com/fr/index.html","标题或 FAQ 缺少自然采购问题","Question headings: 0; FAQ signal: false.","使用客户真实问法并给出直接答案。","改善问题匹配。","medium","true"
"G012","geo","Low","warn","https://www.metatecnocq.com/hi/index.html","标题或 FAQ 缺少自然采购问题","Question headings: 0; FAQ signal: false.","使用客户真实问法并给出直接答案。","改善问题匹配。","medium","true"
"G012","geo","Low","warn","https://www.metatecnocq.com/hr/index.html","标题或 FAQ 缺少自然采购问题","Question headings: 0; FAQ signal: false.","使用客户真实问法并给出直接答案。","改善问题匹配。","medium","true"
"G012","geo","Low","warn","https://www.metatecnocq.com/id/index.html","标题或 FAQ 缺少自然采购问题","Question headings: 0; FAQ signal: false.","使用客户真实问法并给出直接答案。","改善问题匹配。","medium","true"
"G012","geo","Low","warn","https://www.metatecnocq.com/it/index.html","标题或 FAQ 缺少自然采购问题","Question headings: 0; FAQ signal: false.","使用客户真实问法并给出直接答案。","改善问题匹配。","medium","true"
"G012","geo","Low","warn","https://www.metatecnocq.com/ja/index.html","标题或 FAQ 缺少自然采购问题","Question headings: 0; FAQ signal: false.","使用客户真实问法并给出直接答案。","改善问题匹配。","medium","true"
"G012","geo","Low","warn","https://www.metatecnocq.com/kk/index.html","标题或 FAQ 缺少自然采购问题","Question headings: 0; FAQ signal: false.","使用客户真实问法并给出直接答案。","改善问题匹配。","medium","true"
"G012","geo","Low","warn","https://www.metatecnocq.com/ko-kp/index.html","标题或 FAQ 缺少自然采购问题","Question headings: 0; FAQ signal: false.","使用客户真实问法并给出直接答案。","改善问题匹配。","medium","true"
"G012","geo","Low","warn","https://www.metatecnocq.com/ko/index.html","标题或 FAQ 缺少自然采购问题","Question headings: 0; FAQ signal: false.","使用客户真实问法并给出直接答案。","改善问题匹配。","medium","true"
"G012","geo","Low","warn","https://www.metatecnocq.com/ky/index.html","标题或 FAQ 缺少自然采购问题","Question headings: 0; FAQ signal: false.","使用客户真实问法并给出直接答案。","改善问题匹配。","medium","true"
"G012","geo","Low","warn","https://www.metatecnocq.com/lb/index.html","标题或 FAQ 缺少自然采购问题","Question headings: 0; FAQ signal: false.","使用客户真实问法并给出直接答案。","改善问题匹配。","medium","true"
"G012","geo","Low","warn","https://www.metatecnocq.com/ms/index.html","标题或 FAQ 缺少自然采购问题","Question headings: 0; FAQ signal: false.","使用客户真实问法并给出直接答案。","改善问题匹配。","medium","true"
"G012","geo","Low","warn","https://www.metatecnocq.com/nl/index.html","标题或 FAQ 缺少自然采购问题","Question headings: 0; FAQ signal: false.","使用客户真实问法并给出直接答案。","改善问题匹配。","medium","true"
"G012","geo","Low","warn","https://www.metatecnocq.com/pt/index.html","标题或 FAQ 缺少自然采购问题","Question headings: 0; FAQ signal: false.","使用客户真实问法并给出直接答案。","改善问题匹配。","medium","true"
"G012","geo","Low","warn","https://www.metatecnocq.com/ru/index.html","标题或 FAQ 缺少自然采购问题","Question headings: 0; FAQ signal: false.","使用客户真实问法并给出直接答案。","改善问题匹配。","medium","true"
"G012","geo","Low","warn","https://www.metatecnocq.com/tg/index.html","标题或 FAQ 缺少自然采购问题","Question headings: 0; FAQ signal: false.","使用客户真实问法并给出直接答案。","改善问题匹配。","medium","true"
"G012","geo","Low","warn","https://www.metatecnocq.com/th/index.html","标题或 FAQ 缺少自然采购问题","Question headings: 0; FAQ signal: false.","使用客户真实问法并给出直接答案。","改善问题匹配。","medium","true"
"G012","geo","Low","warn","https://www.metatecnocq.com/tk/index.html","标题或 FAQ 缺少自然采购问题","Question headings: 0; FAQ signal: false.","使用客户真实问法并给出直接答案。","改善问题匹配。","medium","true"
"G012","geo","Low","warn","https://www.metatecnocq.com/tr/index.html","标题或 FAQ 缺少自然采购问题","Question headings: 0; FAQ signal: false.","使用客户真实问法并给出直接答案。","改善问题匹配。","medium","true"
"G012","geo","Low","warn","https://www.metatecnocq.com/uz/index.html","标题或 FAQ 缺少自然采购问题","Question headings: 0; FAQ signal: false.","使用客户真实问法并给出直接答案。","改善问题匹配。","medium","true"
"G012","geo","Low","warn","https://www.metatecnocq.com/vi/index.html","标题或 FAQ 缺少自然采购问题","Question headings: 0; FAQ signal: false.","使用客户真实问法并给出直接答案。","改善问题匹配。","medium","true"
"T010","technical","Low","warn","https://www.metatecnocq.com/","Open Graph 信息不完整","Open Graph fields present: 0/3.","补充 og:title、og:description 和 og:image。","改善分享展示。","high","false"
"T010","technical","Low","warn","https://www.metatecnocq.com/be/index.html","Open Graph 信息不完整","Open Graph fields present: 0/3.","补充 og:title、og:description 和 og:image。","改善分享展示。","high","false"
"T010","technical","Low","warn","https://www.metatecnocq.com/el/index.html","Open Graph 信息不完整","Open Graph fields present: 0/3.","补充 og:title、og:description 和 og:image。","改善分享展示。","high","false"
"T010","technical","Low","warn","https://www.metatecnocq.com/en/about/index.html","Open Graph 信息不完整","Open Graph fields present: 0/3.","补充 og:title、og:description 和 og:image。","改善分享展示。","high","false"
"T010","technical","Low","warn","https://www.metatecnocq.com/en/contact/index.html","Open Graph 信息不完整","Open Graph fields present: 0/3.","补充 og:title、og:description 和 og:image。","改善分享展示。","high","false"
"T010","technical","Low","warn","https://www.metatecnocq.com/en/index.html","Open Graph 信息不完整","Open Graph fields present: 0/3.","补充 og:title、og:description 和 og:image。","改善分享展示。","high","false"
"T010","technical","Low","warn","https://www.metatecnocq.com/en/products/index.html","Open Graph 信息不完整","Open Graph fields present: 0/3.","补充 og:title、og:description 和 og:image。","改善分享展示。","high","false"
"T010","technical","Low","warn","https://www.metatecnocq.com/en/technology/index.html","Open Graph 信息不完整","Open Graph fields present: 0/3.","补充 og:title、og:description 和 og:image。","改善分享展示。","high","false"
"T010","technical","Low","warn","https://www.metatecnocq.com/es/index.html","Open Graph 信息不完整","Open Graph fields present: 0/3.","补充 og:title、og:description 和 og:image。","改善分享展示。","high","false"
"T010","technical","Low","warn","https://www.metatecnocq.com/fr/index.html","Open Graph 信息不完整","Open Graph fields present: 0/3.","补充 og:title、og:description 和 og:image。","改善分享展示。","high","false"
"T010","technical","Low","warn","https://www.metatecnocq.com/hi/index.html","Open Graph 信息不完整","Open Graph fields present: 0/3.","补充 og:title、og:description 和 og:image。","改善分享展示。","high","false"
"T010","technical","Low","warn","https://www.metatecnocq.com/hr/index.html","Open Graph 信息不完整","Open Graph fields present: 0/3.","补充 og:title、og:description 和 og:image。","改善分享展示。","high","false"
"T010","technical","Low","warn","https://www.metatecnocq.com/id/index.html","Open Graph 信息不完整","Open Graph fields present: 0/3.","补充 og:title、og:description 和 og:image。","改善分享展示。","high","false"
"T010","technical","Low","warn","https://www.metatecnocq.com/it/index.html","Open Graph 信息不完整","Open Graph fields present: 0/3.","补充 og:title、og:description 和 og:image。","改善分享展示。","high","false"
"T010","technical","Low","warn","https://www.metatecnocq.com/ja/index.html","Open Graph 信息不完整","Open Graph fields present: 0/3.","补充 og:title、og:description 和 og:image。","改善分享展示。","high","false"
"T010","technical","Low","warn","https://www.metatecnocq.com/kk/index.html","Open Graph 信息不完整","Open Graph fields present: 0/3.","补充 og:title、og:description 和 og:image。","改善分享展示。","high","false"
"T010","technical","Low","warn","https://www.metatecnocq.com/ko-kp/index.html","Open Graph 信息不完整","Open Graph fields present: 0/3.","补充 og:title、og:description 和 og:image。","改善分享展示。","high","false"
"T010","technical","Low","warn","https://www.metatecnocq.com/ko/index.html","Open Graph 信息不完整","Open Graph fields present: 0/3.","补充 og:title、og:description 和 og:image。","改善分享展示。","high","false"
"T010","technical","Low","warn","https://www.metatecnocq.com/ky/index.html","Open Graph 信息不完整","Open Graph fields present: 0/3.","补充 og:title、og:description 和 og:image。","改善分享展示。","high","false"
"T010","technical","Low","warn","https://www.metatecnocq.com/lb/index.html","Open Graph 信息不完整","Open Graph fields present: 0/3.","补充 og:title、og:description 和 og:image。","改善分享展示。","high","false"
"T010","technical","Low","warn","https://www.metatecnocq.com/ms/index.html","Open Graph 信息不完整","Open Graph fields present: 0/3.","补充 og:title、og:description 和 og:image。","改善分享展示。","high","false"
"T010","technical","Low","warn","https://www.metatecnocq.com/nl/index.html","Open Graph 信息不完整","Open Graph fields present: 0/3.","补充 og:title、og:description 和 og:image。","改善分享展示。","high","false"
"T010","technical","Low","warn","https://www.metatecnocq.com/pt/index.html","Open Graph 信息不完整","Open Graph fields present: 0/3.","补充 og:title、og:description 和 og:image。","改善分享展示。","high","false"
"T010","technical","Low","warn","https://www.metatecnocq.com/ru/index.html","Open Graph 信息不完整","Open Graph fields present: 0/3.","补充 og:title、og:description 和 og:image。","改善分享展示。","high","false"
"T010","technical","Low","warn","https://www.metatecnocq.com/tg/index.html","Open Graph 信息不完整","Open Graph fields present: 0/3.","补充 og:title、og:description 和 og:image。","改善分享展示。","high","false"
"T010","technical","Low","warn","https://www.metatecnocq.com/th/index.html","Open Graph 信息不完整","Open Graph fields present: 0/3.","补充 og:title、og:description 和 og:image。","改善分享展示。","high","false"
"T010","technical","Low","warn","https://www.metatecnocq.com/tk/index.html","Open Graph 信息不完整","Open Graph fields present: 0/3.","补充 og:title、og:description 和 og:image。","改善分享展示。","high","false"
"T010","technical","Low","warn","https://www.metatecnocq.com/tr/index.html","Open Graph 信息不完整","Open Graph fields present: 0/3.","补充 og:title、og:description 和 og:image。","改善分享展示。","high","false"
"T010","technical","Low","warn","https://www.metatecnocq.com/uz/index.html","Open Graph 信息不完整","Open Graph fields present: 0/3.","补充 og:title、og:description 和 og:image。","改善分享展示。","high","false"
"T010","technical","Low","warn","https://www.metatecnocq.com/vi/index.html","Open Graph 信息不完整","Open Graph fields present: 0/3.","补充 og:title、og:description 和 og:image。","改善分享展示。","high","false"
"G008","geo","Info","info","https://www.metatecnocq.com/","记录 llms.txt 状态","llms.txt not found; status 404.","仅在有维护能力时提供准确的 llms.txt。","提供审计记录，不影响得分。","high","false"
"G009","geo","Info","info","https://www.metatecnocq.com/robots.txt","记录 AI 爬虫规则","AI bot rules: {""GPTBot"":""allowed_or_unspecified"",""Google-Extended"":""allowed_or_unspecified"",""ClaudeBot"":""allowed_or_unspecified"",""PerplexityBot"":""allowed_or_unspecified"",""Yandex"":""allowed_or_unspecified""}.","根据企业政策复核 AI 爬虫规则。","提高治理透明度。","high","true"
